chair: kept 205/263 posed images (train dir has 205 files) -> data/processed/round2/chair/colmap_train_only
Training data dir ready: data/processed/round2/chair/train_staging
chair: regime=interpolative dist_frac_p90=0.02537 min_angle_p90=4.7 frac_uncovered=0.0 n_near_min=1
Wrote results/round2_test_pose_coverage.csv, results/round2_test_pose_coverage_summary.csv, plots in results/plots/round2/
pruned points3D tracks: 80491 -> 79828 points with >=1 kept-image observation
+ colmap image_undistorter --image_path data/processed/round2/chair/train_staging/images --input_path data/processed/round2/chair/colmap_train_only_pruned_for_mvs --output_path data/processed/round2/chair/dense --output_type COLMAP --max_image_size 1600
I20260717 00:28:54.435632 124515840978944 misc.cc:44] 
==============================================================================
Reading reconstruction
==============================================================================
I20260717 00:28:54.627119 124515840978944 image.cc:347] => Reconstruction with 205 images and 79828 points
I20260717 00:28:54.627176 124515840978944 misc.cc:44] 
==============================================================================
Image undistortion
==============================================================================
I20260717 00:28:54.631780 124515840978944 undistortion.cc:215] Undistorting image [1/205]
I20260717 00:28:54.811253 124515840978944 undistortion.cc:215] Undistorting image [2/205]
I20260717 00:28:54.811318 124515840978944 undistortion.cc:215] Undistorting image [3/205]
I20260717 00:28:54.811323 124515840978944 undistortion.cc:215] Undistorting image [4/205]
I20260717 00:28:54.811328 124515840978944 undistortion.cc:215] Undistorting image [5/205]
I20260717 00:28:54.816933 124515840978944 undistortion.cc:215] Undistorting image [6/205]
I20260717 00:28:54.816967 124515840978944 undistortion.cc:215] Undistorting image [7/205]
I20260717 00:28:54.816972 124515840978944 undistortion.cc:215] Undistorting image [8/205]
I20260717 00:28:54.816977 124515840978944 undistortion.cc:215] Undistorting image [9/205]
I20260717 00:28:54.816981 124515840978944 undistortion.cc:215] Undistorting image [10/205]
I20260717 00:28:54.816985 124515840978944 undistortion.cc:215] Undistorting image [11/205]
I20260717 00:28:54.816989 124515840978944 undistortion.cc:215] Undistorting image [12/205]
I20260717 00:28:54.816992 124515840978944 undistortion.cc:215] Undistorting image [13/205]
I20260717 00:28:54.963132 124515840978944 undistortion.cc:215] Undistorting image [14/205]
I20260717 00:28:54.964693 124515840978944 undistortion.cc:215] Undistorting image [15/205]
I20260717 00:28:54.964715 124515840978944 undistortion.cc:215] Undistorting image [16/205]
I20260717 00:28:54.970389 124515840978944 undistortion.cc:215] Undistorting image [17/205]
I20260717 00:28:54.970422 124515840978944 undistortion.cc:215] Undistorting image [18/205]
I20260717 00:28:54.970767 124515840978944 undistortion.cc:215] Undistorting image [19/205]
I20260717 00:28:55.005074 124515840978944 undistortion.cc:215] Undistorting image [20/205]
I20260717 00:28:55.005191 124515840978944 undistortion.cc:215] Undistorting image [21/205]
I20260717 00:28:55.005230 124515840978944 undistortion.cc:215] Undistorting image [22/205]
I20260717 00:28:55.005258 124515840978944 undistortion.cc:215] Undistorting image [23/205]
I20260717 00:28:55.005282 124515840978944 undistortion.cc:215] Undistorting image [24/205]
I20260717 00:28:55.005307 124515840978944 undistortion.cc:215] Undistorting image [25/205]
I20260717 00:28:55.117703 124515840978944 undistortion.cc:215] Undistorting image [26/205]
I20260717 00:28:55.120721 124515840978944 undistortion.cc:215] Undistorting image [27/205]
I20260717 00:28:55.128530 124515840978944 undistortion.cc:215] Undistorting image [28/205]
I20260717 00:28:55.133084 124515840978944 undistortion.cc:215] Undistorting image [29/205]
I20260717 00:28:55.133112 124515840978944 undistortion.cc:215] Undistorting image [30/205]
I20260717 00:28:55.179887 124515840978944 undistortion.cc:215] Undistorting image [31/205]
I20260717 00:28:55.179928 124515840978944 undistortion.cc:215] Undistorting image [32/205]
I20260717 00:28:55.179934 124515840978944 undistortion.cc:215] Undistorting image [33/205]
I20260717 00:28:55.179940 124515840978944 undistortion.cc:215] Undistorting image [34/205]
I20260717 00:28:55.212842 124515840978944 undistortion.cc:215] Undistorting image [35/205]
I20260717 00:28:55.212873 124515840978944 undistortion.cc:215] Undistorting image [36/205]
I20260717 00:28:55.212878 124515840978944 undistortion.cc:215] Undistorting image [37/205]
I20260717 00:28:55.308145 124515840978944 undistortion.cc:215] Undistorting image [38/205]
I20260717 00:28:55.308234 124515840978944 undistortion.cc:215] Undistorting image [39/205]
I20260717 00:28:55.308284 124515840978944 undistortion.cc:215] Undistorting image [40/205]
I20260717 00:28:55.343742 124515840978944 undistortion.cc:215] Undistorting image [41/205]
I20260717 00:28:55.343832 124515840978944 undistortion.cc:215] Undistorting image [42/205]
I20260717 00:28:55.343865 124515840978944 undistortion.cc:215] Undistorting image [43/205]
I20260717 00:28:55.348838 124515840978944 undistortion.cc:215] Undistorting image [44/205]
I20260717 00:28:55.348865 124515840978944 undistortion.cc:215] Undistorting image [45/205]
I20260717 00:28:55.348869 124515840978944 undistortion.cc:215] Undistorting image [46/205]
I20260717 00:28:55.348873 124515840978944 undistortion.cc:215] Undistorting image [47/205]
I20260717 00:28:55.348877 124515840978944 undistortion.cc:215] Undistorting image [48/205]
I20260717 00:28:55.366959 124515840978944 undistortion.cc:215] Undistorting image [49/205]
I20260717 00:28:55.444800 124515840978944 undistortion.cc:215] Undistorting image [50/205]
I20260717 00:28:55.444836 124515840978944 undistortion.cc:215] Undistorting image [51/205]
I20260717 00:28:55.449485 124515840978944 undistortion.cc:215] Undistorting image [52/205]
I20260717 00:28:55.459131 124515840978944 undistortion.cc:215] Undistorting image [53/205]
I20260717 00:28:55.462625 124515840978944 undistortion.cc:215] Undistorting image [54/205]
I20260717 00:28:55.473696 124515840978944 undistortion.cc:215] Undistorting image [55/205]
I20260717 00:28:55.473780 124515840978944 undistortion.cc:215] Undistorting image [56/205]
I20260717 00:28:55.485921 124515840978944 undistortion.cc:215] Undistorting image [57/205]
I20260717 00:28:55.493711 124515840978944 undistortion.cc:215] Undistorting image [58/205]
I20260717 00:28:55.501276 124515840978944 undistortion.cc:215] Undistorting image [59/205]
I20260717 00:28:55.507274 124515840978944 undistortion.cc:215] Undistorting image [60/205]
I20260717 00:28:55.523346 124515840978944 undistortion.cc:215] Undistorting image [61/205]
I20260717 00:28:55.593632 124515840978944 undistortion.cc:215] Undistorting image [62/205]
I20260717 00:28:55.600862 124515840978944 undistortion.cc:215] Undistorting image [63/205]
I20260717 00:28:55.607273 124515840978944 undistortion.cc:215] Undistorting image [64/205]
I20260717 00:28:55.614306 124515840978944 undistortion.cc:215] Undistorting image [65/205]
I20260717 00:28:55.618306 124515840978944 undistortion.cc:215] Undistorting image [66/205]
I20260717 00:28:55.638761 124515840978944 undistortion.cc:215] Undistorting image [67/205]
I20260717 00:28:55.638788 124515840978944 undistortion.cc:215] Undistorting image [68/205]
I20260717 00:28:55.640108 124515840978944 undistortion.cc:215] Undistorting image [69/205]
I20260717 00:28:55.658046 124515840978944 undistortion.cc:215] Undistorting image [70/205]
I20260717 00:28:55.659161 124515840978944 undistortion.cc:215] Undistorting image [71/205]
I20260717 00:28:55.660781 124515840978944 undistortion.cc:215] Undistorting image [72/205]
I20260717 00:28:55.687175 124515840978944 undistortion.cc:215] Undistorting image [73/205]
I20260717 00:28:55.756549 124515840978944 undistortion.cc:215] Undistorting image [74/205]
I20260717 00:28:55.758863 124515840978944 undistortion.cc:215] Undistorting image [75/205]
I20260717 00:28:55.768886 124515840978944 undistortion.cc:215] Undistorting image [76/205]
I20260717 00:28:55.771952 124515840978944 undistortion.cc:215] Undistorting image [77/205]
I20260717 00:28:55.772296 124515840978944 undistortion.cc:215] Undistorting image [78/205]
I20260717 00:28:55.800804 124515840978944 undistortion.cc:215] Undistorting image [79/205]
I20260717 00:28:55.804841 124515840978944 undistortion.cc:215] Undistorting image [80/205]
I20260717 00:28:55.811025 124515840978944 undistortion.cc:215] Undistorting image [81/205]
I20260717 00:28:55.831287 124515840978944 undistortion.cc:215] Undistorting image [82/205]
I20260717 00:28:55.831316 124515840978944 undistortion.cc:215] Undistorting image [83/205]
I20260717 00:28:55.831322 124515840978944 undistortion.cc:215] Undistorting image [84/205]
I20260717 00:28:55.852797 124515840978944 undistortion.cc:215] Undistorting image [85/205]
I20260717 00:28:55.940312 124515840978944 undistortion.cc:215] Undistorting image [86/205]
I20260717 00:28:55.940339 124515840978944 undistortion.cc:215] Undistorting image [87/205]
I20260717 00:28:55.940344 124515840978944 undistortion.cc:215] Undistorting image [88/205]
I20260717 00:28:55.952159 124515840978944 undistortion.cc:215] Undistorting image [89/205]
I20260717 00:28:55.952189 124515840978944 undistortion.cc:215] Undistorting image [90/205]
I20260717 00:28:55.971207 124515840978944 undistortion.cc:215] Undistorting image [91/205]
I20260717 00:28:55.975371 124515840978944 undistortion.cc:215] Undistorting image [92/205]
I20260717 00:28:56.007126 124515840978944 undistortion.cc:215] Undistorting image [93/205]
I20260717 00:28:56.007218 124515840978944 undistortion.cc:215] Undistorting image [94/205]
I20260717 00:28:56.007768 124515840978944 undistortion.cc:215] Undistorting image [95/205]
I20260717 00:28:56.011613 124515840978944 undistortion.cc:215] Undistorting image [96/205]
I20260717 00:28:56.027142 124515840978944 undistortion.cc:215] Undistorting image [97/205]
I20260717 00:28:56.098030 124515840978944 undistortion.cc:215] Undistorting image [98/205]
I20260717 00:28:56.118816 124515840978944 undistortion.cc:215] Undistorting image [99/205]
I20260717 00:28:56.123555 124515840978944 undistortion.cc:215] Undistorting image [100/205]
I20260717 00:28:56.125814 124515840978944 undistortion.cc:215] Undistorting image [101/205]
I20260717 00:28:56.142015 124515840978944 undistortion.cc:215] Undistorting image [102/205]
I20260717 00:28:56.174466 124515840978944 undistortion.cc:215] Undistorting image [103/205]
I20260717 00:28:56.174614 124515840978944 undistortion.cc:215] Undistorting image [104/205]
I20260717 00:28:56.178800 124515840978944 undistortion.cc:215] Undistorting image [105/205]
I20260717 00:28:56.192745 124515840978944 undistortion.cc:215] Undistorting image [106/205]
I20260717 00:28:56.192773 124515840978944 undistortion.cc:215] Undistorting image [107/205]
I20260717 00:28:56.199036 124515840978944 undistortion.cc:215] Undistorting image [108/205]
I20260717 00:28:56.199073 124515840978944 undistortion.cc:215] Undistorting image [109/205]
I20260717 00:28:56.270606 124515840978944 undistortion.cc:215] Undistorting image [110/205]
I20260717 00:28:56.288073 124515840978944 undistortion.cc:215] Undistorting image [111/205]
I20260717 00:28:56.291305 124515840978944 undistortion.cc:215] Undistorting image [112/205]
I20260717 00:28:56.296839 124515840978944 undistortion.cc:215] Undistorting image [113/205]
I20260717 00:28:56.304888 124515840978944 undistortion.cc:215] Undistorting image [114/205]
I20260717 00:28:56.332383 124515840978944 undistortion.cc:215] Undistorting image [115/205]
I20260717 00:28:56.390827 124515840978944 undistortion.cc:215] Undistorting image [116/205]
I20260717 00:28:56.390855 124515840978944 undistortion.cc:215] Undistorting image [117/205]
I20260717 00:28:56.390860 124515840978944 undistortion.cc:215] Undistorting image [118/205]
I20260717 00:28:56.390865 124515840978944 undistortion.cc:215] Undistorting image [119/205]
I20260717 00:28:56.390869 124515840978944 undistortion.cc:215] Undistorting image [120/205]
I20260717 00:28:56.390873 124515840978944 undistortion.cc:215] Undistorting image [121/205]
I20260717 00:28:56.454203 124515840978944 undistortion.cc:215] Undistorting image [122/205]
I20260717 00:28:56.454230 124515840978944 undistortion.cc:215] Undistorting image [123/205]
I20260717 00:28:56.454235 124515840978944 undistortion.cc:215] Undistorting image [124/205]
I20260717 00:28:56.460109 124515840978944 undistortion.cc:215] Undistorting image [125/205]
I20260717 00:28:56.466720 124515840978944 undistortion.cc:215] Undistorting image [126/205]
I20260717 00:28:56.488633 124515840978944 undistortion.cc:215] Undistorting image [127/205]
I20260717 00:28:56.494648 124515840978944 undistortion.cc:215] Undistorting image [128/205]
I20260717 00:28:56.512218 124515840978944 undistortion.cc:215] Undistorting image [129/205]
I20260717 00:28:56.512539 124515840978944 undistortion.cc:215] Undistorting image [130/205]
I20260717 00:28:56.513815 124515840978944 undistortion.cc:215] Undistorting image [131/205]
I20260717 00:28:56.523750 124515840978944 undistortion.cc:215] Undistorting image [132/205]
I20260717 00:28:56.569431 124515840978944 undistortion.cc:215] Undistorting image [133/205]
I20260717 00:28:56.603794 124515840978944 undistortion.cc:215] Undistorting image [134/205]
I20260717 00:28:56.606221 124515840978944 undistortion.cc:215] Undistorting image [135/205]
I20260717 00:28:56.613926 124515840978944 undistortion.cc:215] Undistorting image [136/205]
I20260717 00:28:56.617055 124515840978944 undistortion.cc:215] Undistorting image [137/205]
I20260717 00:28:56.621764 124515840978944 undistortion.cc:215] Undistorting image [138/205]
I20260717 00:28:56.661754 124515840978944 undistortion.cc:215] Undistorting image [139/205]
I20260717 00:28:56.661783 124515840978944 undistortion.cc:215] Undistorting image [140/205]
I20260717 00:28:56.668324 124515840978944 undistortion.cc:215] Undistorting image [141/205]
I20260717 00:28:56.668350 124515840978944 undistortion.cc:215] Undistorting image [142/205]
I20260717 00:28:56.668355 124515840978944 undistortion.cc:215] Undistorting image [143/205]
I20260717 00:28:56.680230 124515840978944 undistortion.cc:215] Undistorting image [144/205]
I20260717 00:28:56.721876 124515840978944 undistortion.cc:215] Undistorting image [145/205]
I20260717 00:28:56.756219 124515840978944 undistortion.cc:215] Undistorting image [146/205]
I20260717 00:28:56.760838 124515840978944 undistortion.cc:215] Undistorting image [147/205]
I20260717 00:28:56.771130 124515840978944 undistortion.cc:215] Undistorting image [148/205]
I20260717 00:28:56.773579 124515840978944 undistortion.cc:215] Undistorting image [149/205]
I20260717 00:28:56.776325 124515840978944 undistortion.cc:215] Undistorting image [150/205]
I20260717 00:28:56.799641 124515840978944 undistortion.cc:215] Undistorting image [151/205]
I20260717 00:28:56.818975 124515840978944 undistortion.cc:215] Undistorting image [152/205]
I20260717 00:28:56.819106 124515840978944 undistortion.cc:215] Undistorting image [153/205]
I20260717 00:28:56.821391 124515840978944 undistortion.cc:215] Undistorting image [154/205]
I20260717 00:28:56.824849 124515840978944 undistortion.cc:215] Undistorting image [155/205]
I20260717 00:28:56.867979 124515840978944 undistortion.cc:215] Undistorting image [156/205]
I20260717 00:28:56.881418 124515840978944 undistortion.cc:215] Undistorting image [157/205]
I20260717 00:28:56.912654 124515840978944 undistortion.cc:215] Undistorting image [158/205]
I20260717 00:28:56.912682 124515840978944 undistortion.cc:215] Undistorting image [159/205]
I20260717 00:28:56.931820 124515840978944 undistortion.cc:215] Undistorting image [160/205]
I20260717 00:28:56.931847 124515840978944 undistortion.cc:215] Undistorting image [161/205]
I20260717 00:28:56.971031 124515840978944 undistortion.cc:215] Undistorting image [162/205]
I20260717 00:28:56.971058 124515840978944 undistortion.cc:215] Undistorting image [163/205]
I20260717 00:28:56.971063 124515840978944 undistortion.cc:215] Undistorting image [164/205]
I20260717 00:28:56.972208 124515840978944 undistortion.cc:215] Undistorting image [165/205]
I20260717 00:28:56.975706 124515840978944 undistortion.cc:215] Undistorting image [166/205]
I20260717 00:28:56.976035 124515840978944 undistortion.cc:215] Undistorting image [167/205]
I20260717 00:28:57.026184 124515840978944 undistortion.cc:215] Undistorting image [168/205]
I20260717 00:28:57.039882 124515840978944 undistortion.cc:215] Undistorting image [169/205]
I20260717 00:28:57.077793 124515840978944 undistortion.cc:215] Undistorting image [170/205]
I20260717 00:28:57.077827 124515840978944 undistortion.cc:215] Undistorting image [171/205]
I20260717 00:28:57.089049 124515840978944 undistortion.cc:215] Undistorting image [172/205]
I20260717 00:28:57.099194 124515840978944 undistortion.cc:215] Undistorting image [173/205]
I20260717 00:28:57.116745 124515840978944 undistortion.cc:215] Undistorting image [174/205]
I20260717 00:28:57.133241 124515840978944 undistortion.cc:215] Undistorting image [175/205]
I20260717 00:28:57.145923 124515840978944 undistortion.cc:215] Undistorting image [176/205]
I20260717 00:28:57.145954 124515840978944 undistortion.cc:215] Undistorting image [177/205]
I20260717 00:28:57.145959 124515840978944 undistortion.cc:215] Undistorting image [178/205]
I20260717 00:28:57.145963 124515840978944 undistortion.cc:215] Undistorting image [179/205]
I20260717 00:28:57.183058 124515840978944 undistortion.cc:215] Undistorting image [180/205]
I20260717 00:28:57.196003 124515840978944 undistortion.cc:215] Undistorting image [181/205]
I20260717 00:28:57.231553 124515840978944 undistortion.cc:215] Undistorting image [182/205]
I20260717 00:28:57.236254 124515840978944 undistortion.cc:215] Undistorting image [183/205]
I20260717 00:28:57.243881 124515840978944 undistortion.cc:215] Undistorting image [184/205]
I20260717 00:28:57.262220 124515840978944 undistortion.cc:215] Undistorting image [185/205]
I20260717 00:28:57.276581 124515840978944 undistortion.cc:215] Undistorting image [186/205]
I20260717 00:28:57.293745 124515840978944 undistortion.cc:215] Undistorting image [187/205]
I20260717 00:28:57.295483 124515840978944 undistortion.cc:215] Undistorting image [188/205]
I20260717 00:28:57.295506 124515840978944 undistortion.cc:215] Undistorting image [189/205]
I20260717 00:28:57.306434 124515840978944 undistortion.cc:215] Undistorting image [190/205]
I20260717 00:28:57.322930 124515840978944 undistortion.cc:215] Undistorting image [191/205]
I20260717 00:28:57.337163 124515840978944 undistortion.cc:215] Undistorting image [192/205]
I20260717 00:28:57.354228 124515840978944 undistortion.cc:215] Undistorting image [193/205]
I20260717 00:28:57.386341 124515840978944 undistortion.cc:215] Undistorting image [194/205]
I20260717 00:28:57.391726 124515840978944 undistortion.cc:215] Undistorting image [195/205]
I20260717 00:28:57.397129 124515840978944 undistortion.cc:215] Undistorting image [196/205]
I20260717 00:28:57.415244 124515840978944 undistortion.cc:215] Undistorting image [197/205]
I20260717 00:28:57.427483 124515840978944 undistortion.cc:215] Undistorting image [198/205]
I20260717 00:28:57.441687 124515840978944 undistortion.cc:215] Undistorting image [199/205]
I20260717 00:28:57.445817 124515840978944 undistortion.cc:215] Undistorting image [200/205]
I20260717 00:28:57.445911 124515840978944 undistortion.cc:215] Undistorting image [201/205]
I20260717 00:28:57.461537 124515840978944 undistortion.cc:215] Undistorting image [202/205]
I20260717 00:28:57.471824 124515840978944 undistortion.cc:215] Undistorting image [203/205]
I20260717 00:28:57.474025 124515840978944 undistortion.cc:215] Undistorting image [204/205]
I20260717 00:28:57.490149 124515840978944 undistortion.cc:215] Undistorting image [205/205]
I20260717 00:28:57.514289 124515840978944 undistortion.cc:225] Writing reconstruction...
I20260717 00:28:57.705751 124515840978944 undistortion.cc:230] Writing configuration...
I20260717 00:28:57.706114 124515840978944 undistortion.cc:234] Writing scripts...
I20260717 00:28:57.706205 124515840978944 timer.cc:91] Elapsed time: 0.051 [minutes]
+ colmap patch_match_stereo --workspace_path data/processed/round2/chair/dense --workspace_format COLMAP --PatchMatchStereo.geom_consistency true --PatchMatchStereo.gpu_index 0 --PatchMatchStereo.max_image_size 1600
I20260717 00:28:57.750906 140033989378048 patch_match.cc:234] Reading workspace...
I20260717 00:28:57.969438 140033989378048 patch_match.cc:264] Reading configuration...
I20260717 00:28:58.725487 140033989378048 patch_match.cc:395] Configuration has 205 problems...
I20260717 00:28:58.730235 140032285294592 misc.cc:44] 
==============================================================================
Processing view 1 / 205 for frame_000000.jpg
==============================================================================
I20260717 00:28:58.737801 140032285294592 patch_match.cc:490] Reading inputs...
I20260717 00:28:58.954906 140032285294592 misc.cc:51] 
PatchMatch::Problem
-------------------
I20260717 00:28:58.954947 140032285294592 patch_match.cc:82] ref_image_idx: 0
I20260717 00:28:58.954960 140032285294592 patch_match.cc:84] src_image_idxs: 
I20260717 00:28:58.954962 140032285294592 patch_match.cc:87] 80 
I20260717 00:28:58.954965 140032285294592 patch_match.cc:87] 87 
I20260717 00:28:58.954967 140032285294592 patch_match.cc:87] 90 
I20260717 00:28:58.954968 140032285294592 patch_match.cc:87] 82 
I20260717 00:28:58.954970 140032285294592 patch_match.cc:87] 4 
I20260717 00:28:58.954972 140032285294592 patch_match.cc:87] 6 
I20260717 00:28:58.954974 140032285294592 patch_match.cc:87] 84 
I20260717 00:28:58.954976 140032285294592 patch_match.cc:87] 92 
I20260717 00:28:58.954978 140032285294592 patch_match.cc:87] 5 
I20260717 00:28:58.954980 140032285294592 patch_match.cc:87] 83 
I20260717 00:28:58.954982 140032285294592 patch_match.cc:87] 25 
I20260717 00:28:58.954983 140032285294592 patch_match.cc:87] 85 
I20260717 00:28:58.954985 140032285294592 patch_match.cc:87] 9 
I20260717 00:28:58.954987 140032285294592 patch_match.cc:87] 88 
I20260717 00:28:58.954989 140032285294592 patch_match.cc:87] 204 
I20260717 00:28:58.954991 140032285294592 patch_match.cc:87] 8 
I20260717 00:28:58.954993 140032285294592 patch_match.cc:87] 86 
I20260717 00:28:58.954995 140032285294592 patch_match.cc:87] 11 
I20260717 00:28:58.954997 140032285294592 patch_match.cc:87] 10 
I20260717 00:28:58.954999 140032285294592 patch_match.cc:89] 81
I20260717 00:28:58.955002 140032285294592 misc.cc:51] 
PatchMatchOptions
-----------------
I20260717 00:28:58.955005 140032285294592 patch_match.cc:54] max_image_size: 1600
I20260717 00:28:58.955007 140032285294592 patch_match.cc:55] gpu_index: 0
I20260717 00:28:58.955009 140032285294592 patch_match.cc:56] depth_min: 3.06414
I20260717 00:28:58.955027 140032285294592 patch_match.cc:57] depth_max: 36.9161
I20260717 00:28:58.955031 140032285294592 patch_match.cc:58] window_radius: 5
I20260717 00:28:58.955034 140032285294592 patch_match.cc:59] window_step: 1
I20260717 00:28:58.955036 140032285294592 patch_match.cc:60] sigma_spatial: 5
I20260717 00:28:58.955039 140032285294592 patch_match.cc:61] sigma_color: 0.2
I20260717 00:28:58.955042 140032285294592 patch_match.cc:62] num_samples: 15
I20260717 00:28:58.955045 140032285294592 patch_match.cc:63] ncc_sigma: 0.6
I20260717 00:28:58.955048 140032285294592 patch_match.cc:64] min_triangulation_angle: 1
I20260717 00:28:58.955050 140032285294592 patch_match.cc:65] incident_angle_sigma: 0.9
I20260717 00:28:58.955053 140032285294592 patch_match.cc:66] num_iterations: 5
I20260717 00:28:58.955055 140032285294592 patch_match.cc:67] geom_consistency: 0
I20260717 00:28:58.955059 140032285294592 patch_match.cc:68] geom_consistency_regularizer: 0.3
I20260717 00:28:58.955062 140032285294592 patch_match.cc:69] geom_consistency_max_cost: 3
I20260717 00:28:58.955065 140032285294592 patch_match.cc:70] filter: 0
I20260717 00:28:58.955068 140032285294592 patch_match.cc:71] filter_min_ncc: 0.1
I20260717 00:28:58.955071 140032285294592 patch_match.cc:72] filter_min_triangulation_angle: 3
I20260717 00:28:58.955074 140032285294592 patch_match.cc:73] filter_min_num_consistent: 2
I20260717 00:28:58.955076 140032285294592 patch_match.cc:74] filter_geom_consistency_max_cost: 1
I20260717 00:28:58.955086 140032285294592 patch_match.cc:75] write_consistency_graph: 0
I20260717 00:28:58.955089 140032285294592 patch_match.cc:76] allow_missing_files: 0
I20260717 00:28:58.955092 140032285294592 misc.cc:51] 
PatchMatch::Run
---------------
I20260717 00:29:00.286222 140032285294592 cudacc.cc:51] Initialization: 0.1464s
I20260717 00:29:00.805638 140032285294592 cudacc.cc:51]  Sweep 1: 0.5191s
I20260717 00:29:01.176660 140032285294592 cudacc.cc:51]  Sweep 2: 0.3701s
I20260717 00:29:01.699864 140032285294592 cudacc.cc:51]  Sweep 3: 0.5231s
I20260717 00:29:02.081599 140032285294592 cudacc.cc:51]  Sweep 4: 0.3816s
I20260717 00:29:02.081688 140032285294592 cudacc.cc:51] Iteration 1: 1.7952s
I20260717 00:29:02.596494 140032285294592 cudacc.cc:51]  Sweep 1: 0.5147s
I20260717 00:29:02.973811 140032285294592 cudacc.cc:51]  Sweep 2: 0.3772s
I20260717 00:29:03.482241 140032285294592 cudacc.cc:51]  Sweep 3: 0.5083s
I20260717 00:29:03.852502 140032285294592 cudacc.cc:51]  Sweep 4: 0.3702s
I20260717 00:29:03.852631 140032285294592 cudacc.cc:51] Iteration 2: 1.7709s
I20260717 00:29:04.352064 140032285294592 cudacc.cc:51]  Sweep 1: 0.4993s
I20260717 00:29:04.714022 140032285294592 cudacc.cc:51]  Sweep 2: 0.3618s
I20260717 00:29:05.212240 140032285294592 cudacc.cc:51]  Sweep 3: 0.4981s
I20260717 00:29:05.572097 140032285294592 cudacc.cc:51]  Sweep 4: 0.3597s
I20260717 00:29:05.572192 140032285294592 cudacc.cc:51] Iteration 3: 1.7194s
I20260717 00:29:06.058741 140032285294592 cudacc.cc:51]  Sweep 1: 0.4865s
I20260717 00:29:06.407404 140032285294592 cudacc.cc:51]  Sweep 2: 0.3486s
I20260717 00:29:06.894657 140032285294592 cudacc.cc:51]  Sweep 3: 0.4871s
I20260717 00:29:07.238585 140032285294592 cudacc.cc:51]  Sweep 4: 0.3438s
I20260717 00:29:07.238686 140032285294592 cudacc.cc:51] Iteration 4: 1.6664s
I20260717 00:29:07.716414 140032285294592 cudacc.cc:51]  Sweep 1: 0.4777s
I20260717 00:29:08.057156 140032285294592 cudacc.cc:51]  Sweep 2: 0.3406s
I20260717 00:29:08.536547 140032285294592 cudacc.cc:51]  Sweep 3: 0.4793s
I20260717 00:29:08.872336 140032285294592 cudacc.cc:51]  Sweep 4: 0.3357s
I20260717 00:29:08.872470 140032285294592 cudacc.cc:51] Iteration 5: 1.6337s
I20260717 00:29:08.884553 140032285294592 cudacc.cc:51] Total: 8.7453s
I20260717 00:29:08.884603 140032285294592 patch_match.cc:533] 
Writing photometric output for frame_000000.jpg
I20260717 00:29:08.984394 140032285294592 misc.cc:44] 
==============================================================================
Processing view 2 / 205 for frame_000005.jpg
==============================================================================
I20260717 00:29:08.984486 140032285294592 patch_match.cc:490] Reading inputs...
I20260717 00:29:09.004579 140032285294592 misc.cc:51] 
PatchMatch::Problem
-------------------
I20260717 00:29:09.004631 140032285294592 patch_match.cc:82] ref_image_idx: 1
I20260717 00:29:09.004638 140032285294592 patch_match.cc:84] src_image_idxs: 
I20260717 00:29:09.004641 140032285294592 patch_match.cc:87] 15 
I20260717 00:29:09.004643 140032285294592 patch_match.cc:87] 80 
I20260717 00:29:09.004645 140032285294592 patch_match.cc:87] 87 
I20260717 00:29:09.004646 140032285294592 patch_match.cc:87] 90 
I20260717 00:29:09.004648 140032285294592 patch_match.cc:87] 82 
I20260717 00:29:09.004650 140032285294592 patch_match.cc:87] 4 
I20260717 00:29:09.004652 140032285294592 patch_match.cc:87] 6 
I20260717 00:29:09.004654 140032285294592 patch_match.cc:87] 84 
I20260717 00:29:09.004655 140032285294592 patch_match.cc:87] 92 
I20260717 00:29:09.004657 140032285294592 patch_match.cc:87] 5 
I20260717 00:29:09.004681 140032285294592 patch_match.cc:87] 83 
I20260717 00:29:09.004683 140032285294592 patch_match.cc:87] 25 
I20260717 00:29:09.004685 140032285294592 patch_match.cc:87] 9 
I20260717 00:29:09.004687 140032285294592 patch_match.cc:87] 204 
I20260717 00:29:09.004689 140032285294592 patch_match.cc:87] 8 
I20260717 00:29:09.004691 140032285294592 patch_match.cc:87] 86 
I20260717 00:29:09.004692 140032285294592 patch_match.cc:87] 85 
I20260717 00:29:09.004694 140032285294592 patch_match.cc:87] 11 
I20260717 00:29:09.004706 140032285294592 patch_match.cc:87] 10 
I20260717 00:29:09.004710 140032285294592 patch_match.cc:89] 81
I20260717 00:29:09.004715 140032285294592 misc.cc:51] 
PatchMatchOptions
-----------------
I20260717 00:29:09.004718 140032285294592 patch_match.cc:54] max_image_size: 1600
I20260717 00:29:09.004720 140032285294592 patch_match.cc:55] gpu_index: 0
I20260717 00:29:09.004723 140032285294592 patch_match.cc:56] depth_min: 3.18543
I20260717 00:29:09.004731 140032285294592 patch_match.cc:57] depth_max: 36.6614
I20260717 00:29:09.004734 140032285294592 patch_match.cc:58] window_radius: 5
I20260717 00:29:09.004737 140032285294592 patch_match.cc:59] window_step: 1
I20260717 00:29:09.004739 140032285294592 patch_match.cc:60] sigma_spatial: 5
I20260717 00:29:09.004743 140032285294592 patch_match.cc:61] sigma_color: 0.2
I20260717 00:29:09.004745 140032285294592 patch_match.cc:62] num_samples: 15
I20260717 00:29:09.004748 140032285294592 patch_match.cc:63] ncc_sigma: 0.6
I20260717 00:29:09.004751 140032285294592 patch_match.cc:64] min_triangulation_angle: 1
I20260717 00:29:09.004754 140032285294592 patch_match.cc:65] incident_angle_sigma: 0.9
I20260717 00:29:09.004756 140032285294592 patch_match.cc:66] num_iterations: 5
I20260717 00:29:09.004759 140032285294592 patch_match.cc:67] geom_consistency: 0
I20260717 00:29:09.004761 140032285294592 patch_match.cc:68] geom_consistency_regularizer: 0.3
I20260717 00:29:09.004764 140032285294592 patch_match.cc:69] geom_consistency_max_cost: 3
I20260717 00:29:09.004766 140032285294592 patch_match.cc:70] filter: 0
I20260717 00:29:09.004769 140032285294592 patch_match.cc:71] filter_min_ncc: 0.1
I20260717 00:29:09.004772 140032285294592 patch_match.cc:72] filter_min_triangulation_angle: 3
I20260717 00:29:09.004775 140032285294592 patch_match.cc:73] filter_min_num_consistent: 2
I20260717 00:29:09.004777 140032285294592 patch_match.cc:74] filter_geom_consistency_max_cost: 1
I20260717 00:29:09.004780 140032285294592 patch_match.cc:75] write_consistency_graph: 0
I20260717 00:29:09.004782 140032285294592 patch_match.cc:76] allow_missing_files: 0
I20260717 00:29:09.004785 140032285294592 misc.cc:51] 
PatchMatch::Run
---------------
I20260717 00:29:09.149273 140032285294592 cudacc.cc:51] Initialization: 0.1168s
I20260717 00:29:09.677532 140032285294592 cudacc.cc:51]  Sweep 1: 0.5281s
I20260717 00:29:10.047306 140032285294592 cudacc.cc:51]  Sweep 2: 0.3697s
I20260717 00:29:10.566594 140032285294592 cudacc.cc:51]  Sweep 3: 0.5192s
I20260717 00:29:10.947397 140032285294592 cudacc.cc:51]  Sweep 4: 0.3807s
I20260717 00:29:10.947497 140032285294592 cudacc.cc:51] Iteration 1: 1.7980s
I20260717 00:29:11.460113 140032285294592 cudacc.cc:51]  Sweep 1: 0.5125s
I20260717 00:29:11.832072 140032285294592 cudacc.cc:51]  Sweep 2: 0.3718s
I20260717 00:29:12.335586 140032285294592 cudacc.cc:51]  Sweep 3: 0.5034s
I20260717 00:29:12.703757 140032285294592 cudacc.cc:51]  Sweep 4: 0.3681s
I20260717 00:29:12.703846 140032285294592 cudacc.cc:51] Iteration 2: 1.7563s
I20260717 00:29:13.203267 140032285294592 cudacc.cc:51]  Sweep 1: 0.4993s
I20260717 00:29:13.564986 140032285294592 cudacc.cc:51]  Sweep 2: 0.3616s
I20260717 00:29:14.057645 140032285294592 cudacc.cc:51]  Sweep 3: 0.4926s
I20260717 00:29:14.411559 140032285294592 cudacc.cc:51]  Sweep 4: 0.3538s
I20260717 00:29:14.411650 140032285294592 cudacc.cc:51] Iteration 3: 1.7077s
I20260717 00:29:14.900520 140032285294592 cudacc.cc:51]  Sweep 1: 0.4888s
I20260717 00:29:15.246026 140032285294592 cudacc.cc:51]  Sweep 2: 0.3454s
I20260717 00:29:15.728063 140032285294592 cudacc.cc:51]  Sweep 3: 0.4819s
I20260717 00:29:16.069168 140032285294592 cudacc.cc:51]  Sweep 4: 0.3410s
I20260717 00:29:16.069266 140032285294592 cudacc.cc:51] Iteration 4: 1.6575s
I20260717 00:29:16.549320 140032285294592 cudacc.cc:51]  Sweep 1: 0.4800s
I20260717 00:29:16.885597 140032285294592 cudacc.cc:51]  Sweep 2: 0.3362s
I20260717 00:29:17.362106 140032285294592 cudacc.cc:51]  Sweep 3: 0.4764s
I20260717 00:29:17.693508 140032285294592 cudacc.cc:51]  Sweep 4: 0.3313s
I20260717 00:29:17.693612 140032285294592 cudacc.cc:51] Iteration 5: 1.6243s
I20260717 00:29:17.693672 140032285294592 cudacc.cc:51] Total: 8.6611s
I20260717 00:29:17.693696 140032285294592 patch_match.cc:533] 
Writing photometric output for frame_000005.jpg
I20260717 00:29:17.795240 140032285294592 misc.cc:44] 
==============================================================================
Processing view 3 / 205 for frame_000010.jpg
==============================================================================
I20260717 00:29:17.795295 140032285294592 patch_match.cc:490] Reading inputs...
I20260717 00:29:17.806609 140032285294592 misc.cc:51] 
PatchMatch::Problem
-------------------
I20260717 00:29:17.806665 140032285294592 patch_match.cc:82] ref_image_idx: 2
I20260717 00:29:17.806672 140032285294592 patch_match.cc:84] src_image_idxs: 
I20260717 00:29:17.806674 140032285294592 patch_match.cc:87] 80 
I20260717 00:29:17.806676 140032285294592 patch_match.cc:87] 87 
I20260717 00:29:17.806678 140032285294592 patch_match.cc:87] 90 
I20260717 00:29:17.806680 140032285294592 patch_match.cc:87] 82 
I20260717 00:29:17.806682 140032285294592 patch_match.cc:87] 4 
I20260717 00:29:17.806684 140032285294592 patch_match.cc:87] 6 
I20260717 00:29:17.806686 140032285294592 patch_match.cc:87] 84 
I20260717 00:29:17.806687 140032285294592 patch_match.cc:87] 92 
I20260717 00:29:17.806689 140032285294592 patch_match.cc:87] 5 
I20260717 00:29:17.806691 140032285294592 patch_match.cc:87] 83 
I20260717 00:29:17.806693 140032285294592 patch_match.cc:87] 25 
I20260717 00:29:17.806695 140032285294592 patch_match.cc:87] 9 
I20260717 00:29:17.806697 140032285294592 patch_match.cc:87] 88 
I20260717 00:29:17.806698 140032285294592 patch_match.cc:87] 204 
I20260717 00:29:17.806700 140032285294592 patch_match.cc:87] 8 
I20260717 00:29:17.806702 140032285294592 patch_match.cc:87] 86 
I20260717 00:29:17.806704 140032285294592 patch_match.cc:87] 11 
I20260717 00:29:17.806706 140032285294592 patch_match.cc:87] 85 
I20260717 00:29:17.806708 140032285294592 patch_match.cc:87] 10 
I20260717 00:29:17.806709 140032285294592 patch_match.cc:89] 81
I20260717 00:29:17.806713 140032285294592 misc.cc:51] 
PatchMatchOptions
-----------------
I20260717 00:29:17.806715 140032285294592 patch_match.cc:54] max_image_size: 1600
I20260717 00:29:17.806717 140032285294592 patch_match.cc:55] gpu_index: 0
I20260717 00:29:17.806719 140032285294592 patch_match.cc:56] depth_min: 3.07051
I20260717 00:29:17.806727 140032285294592 patch_match.cc:57] depth_max: 36.4786
I20260717 00:29:17.806731 140032285294592 patch_match.cc:58] window_radius: 5
I20260717 00:29:17.806732 140032285294592 patch_match.cc:59] window_step: 1
I20260717 00:29:17.806734 140032285294592 patch_match.cc:60] sigma_spatial: 5
I20260717 00:29:17.806737 140032285294592 patch_match.cc:61] sigma_color: 0.2
I20260717 00:29:17.806739 140032285294592 patch_match.cc:62] num_samples: 15
I20260717 00:29:17.806741 140032285294592 patch_match.cc:63] ncc_sigma: 0.6
I20260717 00:29:17.806744 140032285294592 patch_match.cc:64] min_triangulation_angle: 1
I20260717 00:29:17.806746 140032285294592 patch_match.cc:65] incident_angle_sigma: 0.9
I20260717 00:29:17.806749 140032285294592 patch_match.cc:66] num_iterations: 5
I20260717 00:29:17.806750 140032285294592 patch_match.cc:67] geom_consistency: 0
I20260717 00:29:17.806755 140032285294592 patch_match.cc:68] geom_consistency_regularizer: 0.3
I20260717 00:29:17.806758 140032285294592 patch_match.cc:69] geom_consistency_max_cost: 3
I20260717 00:29:17.806761 140032285294592 patch_match.cc:70] filter: 0
I20260717 00:29:17.806764 140032285294592 patch_match.cc:71] filter_min_ncc: 0.1
I20260717 00:29:17.806767 140032285294592 patch_match.cc:72] filter_min_triangulation_angle: 3
I20260717 00:29:17.806769 140032285294592 patch_match.cc:73] filter_min_num_consistent: 2
I20260717 00:29:17.806772 140032285294592 patch_match.cc:74] filter_geom_consistency_max_cost: 1
I20260717 00:29:17.806774 140032285294592 patch_match.cc:75] write_consistency_graph: 0
I20260717 00:29:17.806788 140032285294592 patch_match.cc:76] allow_missing_files: 0
I20260717 00:29:17.806792 140032285294592 misc.cc:51] 
PatchMatch::Run
---------------
I20260717 00:29:17.948094 140032285294592 cudacc.cc:51] Initialization: 0.1167s
I20260717 00:29:18.477088 140032285294592 cudacc.cc:51]  Sweep 1: 0.5289s
I20260717 00:29:18.846876 140032285294592 cudacc.cc:51]  Sweep 2: 0.3697s
I20260717 00:29:19.368540 140032285294592 cudacc.cc:51]  Sweep 3: 0.5216s
I20260717 00:29:19.749577 140032285294592 cudacc.cc:51]  Sweep 4: 0.3809s
I20260717 00:29:19.749666 140032285294592 cudacc.cc:51] Iteration 1: 1.8014s
I20260717 00:29:20.263506 140032285294592 cudacc.cc:51]  Sweep 1: 0.5138s
I20260717 00:29:20.636541 140032285294592 cudacc.cc:51]  Sweep 2: 0.3729s
I20260717 00:29:21.141731 140032285294592 cudacc.cc:51]  Sweep 3: 0.5051s
I20260717 00:29:21.509928 140032285294592 cudacc.cc:51]  Sweep 4: 0.3681s
I20260717 00:29:21.510014 140032285294592 cudacc.cc:51] Iteration 2: 1.7603s
I20260717 00:29:22.010541 140032285294592 cudacc.cc:51]  Sweep 1: 0.5005s
I20260717 00:29:22.370054 140032285294592 cudacc.cc:51]  Sweep 2: 0.3594s
I20260717 00:29:22.863308 140032285294592 cudacc.cc:51]  Sweep 3: 0.4931s
I20260717 00:29:23.219329 140032285294592 cudacc.cc:51]  Sweep 4: 0.3559s
I20260717 00:29:23.219423 140032285294592 cudacc.cc:51] Iteration 3: 1.7093s
I20260717 00:29:23.707696 140032285294592 cudacc.cc:51]  Sweep 1: 0.4882s
I20260717 00:29:24.055306 140032285294592 cudacc.cc:51]  Sweep 2: 0.3475s
I20260717 00:29:24.537462 140032285294592 cudacc.cc:51]  Sweep 3: 0.4820s
I20260717 00:29:24.878785 140032285294592 cudacc.cc:51]  Sweep 4: 0.3412s
I20260717 00:29:24.878885 140032285294592 cudacc.cc:51] Iteration 4: 1.6594s
I20260717 00:29:25.359911 140032285294592 cudacc.cc:51]  Sweep 1: 0.4809s
I20260717 00:29:25.697810 140032285294592 cudacc.cc:51]  Sweep 2: 0.3378s
I20260717 00:29:26.172993 140032285294592 cudacc.cc:51]  Sweep 3: 0.4751s
I20260717 00:29:26.505552 140032285294592 cudacc.cc:51]  Sweep 4: 0.3325s
I20260717 00:29:26.505652 140032285294592 cudacc.cc:51] Iteration 5: 1.6267s
I20260717 00:29:26.505704 140032285294592 cudacc.cc:51] Total: 8.6742s
I20260717 00:29:26.505729 140032285294592 patch_match.cc:533] 
Writing photometric output for frame_000010.jpg
I20260717 00:29:26.604527 140032285294592 misc.cc:44] 
==============================================================================
Processing view 4 / 205 for frame_000015.jpg
==============================================================================
I20260717 00:29:26.604580 140032285294592 patch_match.cc:490] Reading inputs...
I20260717 00:29:26.616279 140032285294592 misc.cc:51] 
PatchMatch::Problem
-------------------
I20260717 00:29:26.616357 140032285294592 patch_match.cc:82] ref_image_idx: 3
I20260717 00:29:26.616364 140032285294592 patch_match.cc:84] src_image_idxs: 
I20260717 00:29:26.616367 140032285294592 patch_match.cc:87] 80 
I20260717 00:29:26.616369 140032285294592 patch_match.cc:87] 15 
I20260717 00:29:26.616371 140032285294592 patch_match.cc:87] 87 
I20260717 00:29:26.616373 140032285294592 patch_match.cc:87] 90 
I20260717 00:29:26.616375 140032285294592 patch_match.cc:87] 6 
I20260717 00:29:26.616376 140032285294592 patch_match.cc:87] 84 
I20260717 00:29:26.616378 140032285294592 patch_match.cc:87] 92 
I20260717 00:29:26.616380 140032285294592 patch_match.cc:87] 5 
I20260717 00:29:26.616382 140032285294592 patch_match.cc:87] 83 
I20260717 00:29:26.616384 140032285294592 patch_match.cc:87] 25 
I20260717 00:29:26.616386 140032285294592 patch_match.cc:87] 8 
I20260717 00:29:26.616388 140032285294592 patch_match.cc:87] 86 
I20260717 00:29:26.616389 140032285294592 patch_match.cc:87] 9 
I20260717 00:29:26.616391 140032285294592 patch_match.cc:87] 88 
I20260717 00:29:26.616393 140032285294592 patch_match.cc:87] 204 
I20260717 00:29:26.616395 140032285294592 patch_match.cc:87] 11 
I20260717 00:29:26.616397 140032285294592 patch_match.cc:87] 85 
I20260717 00:29:26.616399 140032285294592 patch_match.cc:87] 10 
I20260717 00:29:26.616401 140032285294592 patch_match.cc:87] 81 
I20260717 00:29:26.616413 140032285294592 patch_match.cc:89] 82
I20260717 00:29:26.616417 140032285294592 misc.cc:51] 
PatchMatchOptions
-----------------
I20260717 00:29:26.616419 140032285294592 patch_match.cc:54] max_image_size: 1600
I20260717 00:29:26.616421 140032285294592 patch_match.cc:55] gpu_index: 0
I20260717 00:29:26.616423 140032285294592 patch_match.cc:56] depth_min: 3.20834
I20260717 00:29:26.616452 140032285294592 patch_match.cc:57] depth_max: 36.6798
I20260717 00:29:26.616456 140032285294592 patch_match.cc:58] window_radius: 5
I20260717 00:29:26.616458 140032285294592 patch_match.cc:59] window_step: 1
I20260717 00:29:26.616460 140032285294592 patch_match.cc:60] sigma_spatial: 5
I20260717 00:29:26.616462 140032285294592 patch_match.cc:61] sigma_color: 0.2
I20260717 00:29:26.616465 140032285294592 patch_match.cc:62] num_samples: 15
I20260717 00:29:26.616467 140032285294592 patch_match.cc:63] ncc_sigma: 0.6
I20260717 00:29:26.616472 140032285294592 patch_match.cc:64] min_triangulation_angle: 1
I20260717 00:29:26.616474 140032285294592 patch_match.cc:65] incident_angle_sigma: 0.9
I20260717 00:29:26.616477 140032285294592 patch_match.cc:66] num_iterations: 5
I20260717 00:29:26.616479 140032285294592 patch_match.cc:67] geom_consistency: 0
I20260717 00:29:26.616482 140032285294592 patch_match.cc:68] geom_consistency_regularizer: 0.3
I20260717 00:29:26.616485 140032285294592 patch_match.cc:69] geom_consistency_max_cost: 3
I20260717 00:29:26.616488 140032285294592 patch_match.cc:70] filter: 0
I20260717 00:29:26.616490 140032285294592 patch_match.cc:71] filter_min_ncc: 0.1
I20260717 00:29:26.616493 140032285294592 patch_match.cc:72] filter_min_triangulation_angle: 3
I20260717 00:29:26.616496 140032285294592 patch_match.cc:73] filter_min_num_consistent: 2
I20260717 00:29:26.616499 140032285294592 patch_match.cc:74] filter_geom_consistency_max_cost: 1
I20260717 00:29:26.616501 140032285294592 patch_match.cc:75] write_consistency_graph: 0
I20260717 00:29:26.616504 140032285294592 patch_match.cc:76] allow_missing_files: 0
I20260717 00:29:26.616507 140032285294592 misc.cc:51] 
PatchMatch::Run
---------------
I20260717 00:29:26.760373 140032285294592 cudacc.cc:51] Initialization: 0.1176s
I20260717 00:29:27.291400 140032285294592 cudacc.cc:51]  Sweep 1: 0.5309s
I20260717 00:29:27.670040 140032285294592 cudacc.cc:51]  Sweep 2: 0.3785s
I20260717 00:29:28.193852 140032285294592 cudacc.cc:51]  Sweep 3: 0.5237s
I20260717 00:29:28.576893 140032285294592 cudacc.cc:51]  Sweep 4: 0.3829s
I20260717 00:29:28.576988 140032285294592 cudacc.cc:51] Iteration 1: 1.8165s
I20260717 00:29:29.103354 140032285294592 cudacc.cc:51]  Sweep 1: 0.5263s
I20260717 00:29:29.483100 140032285294592 cudacc.cc:51]  Sweep 2: 0.3796s
I20260717 00:29:29.991339 140032285294592 cudacc.cc:51]  Sweep 3: 0.5081s
I20260717 00:29:30.366612 140032285294592 cudacc.cc:51]  Sweep 4: 0.3751s
I20260717 00:29:30.366731 140032285294592 cudacc.cc:51] Iteration 2: 1.7897s
I20260717 00:29:30.875995 140032285294592 cudacc.cc:51]  Sweep 1: 0.5092s
I20260717 00:29:31.240980 140032285294592 cudacc.cc:51]  Sweep 2: 0.3649s
I20260717 00:29:31.738908 140032285294592 cudacc.cc:51]  Sweep 3: 0.4978s
I20260717 00:29:32.099723 140032285294592 cudacc.cc:51]  Sweep 4: 0.3607s
I20260717 00:29:32.099819 140032285294592 cudacc.cc:51] Iteration 3: 1.7330s
I20260717 00:29:32.594127 140032285294592 cudacc.cc:51]  Sweep 1: 0.4942s
I20260717 00:29:32.949688 140032285294592 cudacc.cc:51]  Sweep 2: 0.3553s
I20260717 00:29:33.437949 140032285294592 cudacc.cc:51]  Sweep 3: 0.4882s
I20260717 00:29:33.790805 140032285294592 cudacc.cc:51]  Sweep 4: 0.3527s
I20260717 00:29:33.790894 140032285294592 cudacc.cc:51] Iteration 4: 1.6910s
I20260717 00:29:34.276796 140032285294592 cudacc.cc:51]  Sweep 1: 0.4858s
I20260717 00:29:34.623994 140032285294592 cudacc.cc:51]  Sweep 2: 0.3471s
I20260717 00:29:35.106876 140032285294592 cudacc.cc:51]  Sweep 3: 0.4827s
I20260717 00:29:35.450712 140032285294592 cudacc.cc:51]  Sweep 4: 0.3436s
I20260717 00:29:35.450804 140032285294592 cudacc.cc:51] Iteration 5: 1.6598s
I20260717 00:29:35.450867 140032285294592 cudacc.cc:51] Total: 8.8080s
I20260717 00:29:35.450892 140032285294592 patch_match.cc:533] 
Writing photometric output for frame_000015.jpg
I20260717 00:29:35.559139 140032285294592 misc.cc:44] 
==============================================================================
Processing view 5 / 205 for frame_000020.jpg
==============================================================================
I20260717 00:29:35.559296 140032285294592 patch_match.cc:490] Reading inputs...
I20260717 00:29:35.562781 140032285294592 misc.cc:51] 
PatchMatch::Problem
-------------------
I20260717 00:29:35.562843 140032285294592 patch_match.cc:82] ref_image_idx: 4
I20260717 00:29:35.562852 140032285294592 patch_match.cc:84] src_image_idxs: 
I20260717 00:29:35.562854 140032285294592 patch_match.cc:87] 82 
I20260717 00:29:35.562856 140032285294592 patch_match.cc:87] 81 
I20260717 00:29:35.562858 140032285294592 patch_match.cc:87] 90 
I20260717 00:29:35.562860 140032285294592 patch_match.cc:87] 2 
I20260717 00:29:35.562862 140032285294592 patch_match.cc:87] 88 
I20260717 00:29:35.562864 140032285294592 patch_match.cc:87] 204 
I20260717 00:29:35.562866 140032285294592 patch_match.cc:87] 1 
I20260717 00:29:35.562868 140032285294592 patch_match.cc:87] 87 
I20260717 00:29:35.562870 140032285294592 patch_match.cc:87] 0 
I20260717 00:29:35.562872 140032285294592 patch_match.cc:87] 6 
I20260717 00:29:35.562874 140032285294592 patch_match.cc:87] 84 
I20260717 00:29:35.562876 140032285294592 patch_match.cc:87] 92 
I20260717 00:29:35.562878 140032285294592 patch_match.cc:87] 5 
I20260717 00:29:35.562880 140032285294592 patch_match.cc:87] 25 
I20260717 00:29:35.562882 140032285294592 patch_match.cc:87] 9 
I20260717 00:29:35.562884 140032285294592 patch_match.cc:87] 8 
I20260717 00:29:35.562886 140032285294592 patch_match.cc:87] 86 
I20260717 00:29:35.562888 140032285294592 patch_match.cc:87] 85 
I20260717 00:29:35.562890 140032285294592 patch_match.cc:87] 11 
I20260717 00:29:35.562892 140032285294592 patch_match.cc:89] 10
I20260717 00:29:35.562896 140032285294592 misc.cc:51] 
PatchMatchOptions
-----------------
I20260717 00:29:35.562898 140032285294592 patch_match.cc:54] max_image_size: 1600
I20260717 00:29:35.562900 140032285294592 patch_match.cc:55] gpu_index: 0
I20260717 00:29:35.562902 140032285294592 patch_match.cc:56] depth_min: 3.06983
I20260717 00:29:35.562914 140032285294592 patch_match.cc:57] depth_max: 36.3377
I20260717 00:29:35.562918 140032285294592 patch_match.cc:58] window_radius: 5
I20260717 00:29:35.562920 140032285294592 patch_match.cc:59] window_step: 1
I20260717 00:29:35.562923 140032285294592 patch_match.cc:60] sigma_spatial: 5
I20260717 00:29:35.562926 140032285294592 patch_match.cc:61] sigma_color: 0.2
I20260717 00:29:35.562929 140032285294592 patch_match.cc:62] num_samples: 15
I20260717 00:29:35.562931 140032285294592 patch_match.cc:63] ncc_sigma: 0.6
I20260717 00:29:35.562935 140032285294592 patch_match.cc:64] min_triangulation_angle: 1
I20260717 00:29:35.562938 140032285294592 patch_match.cc:65] incident_angle_sigma: 0.9
I20260717 00:29:35.562940 140032285294592 patch_match.cc:66] num_iterations: 5
I20260717 00:29:35.562943 140032285294592 patch_match.cc:67] geom_consistency: 0
I20260717 00:29:35.562946 140032285294592 patch_match.cc:68] geom_consistency_regularizer: 0.3
I20260717 00:29:35.562949 140032285294592 patch_match.cc:69] geom_consistency_max_cost: 3
I20260717 00:29:35.562951 140032285294592 patch_match.cc:70] filter: 0
I20260717 00:29:35.562954 140032285294592 patch_match.cc:71] filter_min_ncc: 0.1
I20260717 00:29:35.562958 140032285294592 patch_match.cc:72] filter_min_triangulation_angle: 3
I20260717 00:29:35.562960 140032285294592 patch_match.cc:73] filter_min_num_consistent: 2
I20260717 00:29:35.562963 140032285294592 patch_match.cc:74] filter_geom_consistency_max_cost: 1
I20260717 00:29:35.562965 140032285294592 patch_match.cc:75] write_consistency_graph: 0
I20260717 00:29:35.562968 140032285294592 patch_match.cc:76] allow_missing_files: 0
I20260717 00:29:35.562971 140032285294592 misc.cc:51] 
PatchMatch::Run
---------------
I20260717 00:29:35.708223 140032285294592 cudacc.cc:51] Initialization: 0.1139s
I20260717 00:29:36.241479 140032285294592 cudacc.cc:51]  Sweep 1: 0.5331s
I20260717 00:29:36.612131 140032285294592 cudacc.cc:51]  Sweep 2: 0.3705s
I20260717 00:29:37.127729 140032285294592 cudacc.cc:51]  Sweep 3: 0.5155s
I20260717 00:29:37.505906 140032285294592 cudacc.cc:51]  Sweep 4: 0.3780s
I20260717 00:29:37.506003 140032285294592 cudacc.cc:51] Iteration 1: 1.7976s
I20260717 00:29:38.023868 140032285294592 cudacc.cc:51]  Sweep 1: 0.5178s
I20260717 00:29:38.394188 140032285294592 cudacc.cc:51]  Sweep 2: 0.3702s
I20260717 00:29:38.894298 140032285294592 cudacc.cc:51]  Sweep 3: 0.5000s
I20260717 00:29:39.257822 140032285294592 cudacc.cc:51]  Sweep 4: 0.3634s
I20260717 00:29:39.257931 140032285294592 cudacc.cc:51] Iteration 2: 1.7518s
I20260717 00:29:39.758404 140032285294592 cudacc.cc:51]  Sweep 1: 0.5004s
I20260717 00:29:40.113965 140032285294592 cudacc.cc:51]  Sweep 2: 0.3554s
I20260717 00:29:40.604107 140032285294592 cudacc.cc:51]  Sweep 3: 0.4900s
I20260717 00:29:40.953758 140032285294592 cudacc.cc:51]  Sweep 4: 0.3495s
I20260717 00:29:40.953850 140032285294592 cudacc.cc:51] Iteration 3: 1.6958s
I20260717 00:29:41.441669 140032285294592 cudacc.cc:51]  Sweep 1: 0.4877s
I20260717 00:29:41.785720 140032285294592 cudacc.cc:51]  Sweep 2: 0.3439s
I20260717 00:29:42.265684 140032285294592 cudacc.cc:51]  Sweep 3: 0.4798s
I20260717 00:29:42.603470 140032285294592 cudacc.cc:51]  Sweep 4: 0.3377s
I20260717 00:29:42.603577 140032285294592 cudacc.cc:51] Iteration 4: 1.6496s
I20260717 00:29:43.081769 140032285294592 cudacc.cc:51]  Sweep 1: 0.4781s
I20260717 00:29:43.418135 140032285294592 cudacc.cc:51]  Sweep 2: 0.3362s
I20260717 00:29:43.890338 140032285294592 cudacc.cc:51]  Sweep 3: 0.4721s
I20260717 00:29:44.220329 140032285294592 cudacc.cc:51]  Sweep 4: 0.3299s
I20260717 00:29:44.220421 140032285294592 cudacc.cc:51] Iteration 5: 1.6168s
I20260717 00:29:44.220471 140032285294592 cudacc.cc:51] Total: 8.6260s
I20260717 00:29:44.220495 140032285294592 patch_match.cc:533] 
Writing photometric output for frame_000020.jpg
I20260717 00:29:44.329606 140032285294592 misc.cc:44] 
==============================================================================
Processing view 6 / 205 for frame_000035.jpg
==============================================================================
I20260717 00:29:44.329673 140032285294592 patch_match.cc:490] Reading inputs...
I20260717 00:29:44.350765 140032285294592 misc.cc:51] 
PatchMatch::Problem
-------------------
I20260717 00:29:44.350820 140032285294592 patch_match.cc:82] ref_image_idx: 5
I20260717 00:29:44.350828 140032285294592 patch_match.cc:84] src_image_idxs: 
I20260717 00:29:44.350831 140032285294592 patch_match.cc:87] 92 
I20260717 00:29:44.350833 140032285294592 patch_match.cc:87] 41 
I20260717 00:29:44.350835 140032285294592 patch_match.cc:87] 84 
I20260717 00:29:44.350837 140032285294592 patch_match.cc:87] 93 
I20260717 00:29:44.350839 140032285294592 patch_match.cc:87] 6 
I20260717 00:29:44.350841 140032285294592 patch_match.cc:87] 4 
I20260717 00:29:44.350843 140032285294592 patch_match.cc:87] 25 
I20260717 00:29:44.350845 140032285294592 patch_match.cc:87] 90 
I20260717 00:29:44.350847 140032285294592 patch_match.cc:87] 3 
I20260717 00:29:44.350849 140032285294592 patch_match.cc:87] 204 
I20260717 00:29:44.350851 140032285294592 patch_match.cc:87] 1 
I20260717 00:29:44.350852 140032285294592 patch_match.cc:87] 87 
I20260717 00:29:44.350854 140032285294592 patch_match.cc:87] 0 
I20260717 00:29:44.350856 140032285294592 patch_match.cc:87] 2 
I20260717 00:29:44.350858 140032285294592 patch_match.cc:87] 8 
I20260717 00:29:44.350860 140032285294592 patch_match.cc:87] 86 
I20260717 00:29:44.350862 140032285294592 patch_match.cc:87] 11 
I20260717 00:29:44.350864 140032285294592 patch_match.cc:87] 10 
I20260717 00:29:44.350866 140032285294592 patch_match.cc:87] 9 
I20260717 00:29:44.350870 140032285294592 patch_match.cc:89] 85
I20260717 00:29:44.350874 140032285294592 misc.cc:51] 
PatchMatchOptions
-----------------
I20260717 00:29:44.350888 140032285294592 patch_match.cc:54] max_image_size: 1600
I20260717 00:29:44.350891 140032285294592 patch_match.cc:55] gpu_index: 0
I20260717 00:29:44.350894 140032285294592 patch_match.cc:56] depth_min: 3.28309
I20260717 00:29:44.350902 140032285294592 patch_match.cc:57] depth_max: 36.6387
I20260717 00:29:44.350905 140032285294592 patch_match.cc:58] window_radius: 5
I20260717 00:29:44.350907 140032285294592 patch_match.cc:59] window_step: 1
I20260717 00:29:44.350909 140032285294592 patch_match.cc:60] sigma_spatial: 5
I20260717 00:29:44.350912 140032285294592 patch_match.cc:61] sigma_color: 0.2
I20260717 00:29:44.350915 140032285294592 patch_match.cc:62] num_samples: 15
I20260717 00:29:44.350917 140032285294592 patch_match.cc:63] ncc_sigma: 0.6
I20260717 00:29:44.350920 140032285294592 patch_match.cc:64] min_triangulation_angle: 1
I20260717 00:29:44.350922 140032285294592 patch_match.cc:65] incident_angle_sigma: 0.9
I20260717 00:29:44.350925 140032285294592 patch_match.cc:66] num_iterations: 5
I20260717 00:29:44.350928 140032285294592 patch_match.cc:67] geom_consistency: 0
I20260717 00:29:44.350931 140032285294592 patch_match.cc:68] geom_consistency_regularizer: 0.3
I20260717 00:29:44.350933 140032285294592 patch_match.cc:69] geom_consistency_max_cost: 3
I20260717 00:29:44.350937 140032285294592 patch_match.cc:70] filter: 0
I20260717 00:29:44.350939 140032285294592 patch_match.cc:71] filter_min_ncc: 0.1
I20260717 00:29:44.350942 140032285294592 patch_match.cc:72] filter_min_triangulation_angle: 3
I20260717 00:29:44.350945 140032285294592 patch_match.cc:73] filter_min_num_consistent: 2
I20260717 00:29:44.350948 140032285294592 patch_match.cc:74] filter_geom_consistency_max_cost: 1
I20260717 00:29:44.350951 140032285294592 patch_match.cc:75] write_consistency_graph: 0
I20260717 00:29:44.350953 140032285294592 patch_match.cc:76] allow_missing_files: 0
I20260717 00:29:44.350956 140032285294592 misc.cc:51] 
PatchMatch::Run
---------------
I20260717 00:29:44.485681 140032285294592 cudacc.cc:51] Initialization: 0.1114s
I20260717 00:29:45.023361 140032285294592 cudacc.cc:51]  Sweep 1: 0.5376s
I20260717 00:29:45.405131 140032285294592 cudacc.cc:51]  Sweep 2: 0.3816s
I20260717 00:29:45.926362 140032285294592 cudacc.cc:51]  Sweep 3: 0.5211s
I20260717 00:29:46.309923 140032285294592 cudacc.cc:51]  Sweep 4: 0.3835s
I20260717 00:29:46.310020 140032285294592 cudacc.cc:51] Iteration 1: 1.8242s
I20260717 00:29:46.820365 140032285294592 cudacc.cc:51]  Sweep 1: 0.5103s
I20260717 00:29:47.192931 140032285294592 cudacc.cc:51]  Sweep 2: 0.3724s
I20260717 00:29:47.699284 140032285294592 cudacc.cc:51]  Sweep 3: 0.5062s
I20260717 00:29:48.070698 140032285294592 cudacc.cc:51]  Sweep 4: 0.3712s
I20260717 00:29:48.070822 140032285294592 cudacc.cc:51] Iteration 2: 1.7607s
I20260717 00:29:48.570336 140032285294592 cudacc.cc:51]  Sweep 1: 0.4994s
I20260717 00:29:48.932521 140032285294592 cudacc.cc:51]  Sweep 2: 0.3620s
I20260717 00:29:49.425501 140032285294592 cudacc.cc:51]  Sweep 3: 0.4928s
I20260717 00:29:49.775724 140032285294592 cudacc.cc:51]  Sweep 4: 0.3501s
I20260717 00:29:49.775822 140032285294592 cudacc.cc:51] Iteration 3: 1.7049s
I20260717 00:29:50.263068 140032285294592 cudacc.cc:51]  Sweep 1: 0.4872s
I20260717 00:29:50.608334 140032285294592 cudacc.cc:51]  Sweep 2: 0.3451s
I20260717 00:29:51.093009 140032285294592 cudacc.cc:51]  Sweep 3: 0.4845s
I20260717 00:29:51.431343 140032285294592 cudacc.cc:51]  Sweep 4: 0.3382s
I20260717 00:29:51.431436 140032285294592 cudacc.cc:51] Iteration 4: 1.6555s
I20260717 00:29:51.912214 140032285294592 cudacc.cc:51]  Sweep 1: 0.4807s
I20260717 00:29:52.253335 140032285294592 cudacc.cc:51]  Sweep 2: 0.3410s
I20260717 00:29:52.729460 140032285294592 cudacc.cc:51]  Sweep 3: 0.4760s
I20260717 00:29:53.067296 140032285294592 cudacc.cc:51]  Sweep 4: 0.3377s
I20260717 00:29:53.067396 140032285294592 cudacc.cc:51] Iteration 5: 1.6359s
I20260717 00:29:53.067447 140032285294592 cudacc.cc:51] Total: 8.6932s
I20260717 00:29:53.067472 140032285294592 patch_match.cc:533] 
Writing photometric output for frame_000035.jpg
I20260717 00:29:53.165582 140032285294592 misc.cc:44] 
==============================================================================
Processing view 7 / 205 for frame_000040.jpg
==============================================================================
I20260717 00:29:53.165638 140032285294592 patch_match.cc:490] Reading inputs...
I20260717 00:29:53.176960 140032285294592 misc.cc:51] 
PatchMatch::Problem
-------------------
I20260717 00:29:53.177007 140032285294592 patch_match.cc:82] ref_image_idx: 6
I20260717 00:29:53.177014 140032285294592 patch_match.cc:84] src_image_idxs: 
I20260717 00:29:53.177016 140032285294592 patch_match.cc:87] 15 
I20260717 00:29:53.177018 140032285294592 patch_match.cc:87] 12 
I20260717 00:29:53.177021 140032285294592 patch_match.cc:87] 41 
I20260717 00:29:53.177023 140032285294592 patch_match.cc:87] 84 
I20260717 00:29:53.177024 140032285294592 patch_match.cc:87] 92 
I20260717 00:29:53.177026 140032285294592 patch_match.cc:87] 5 
I20260717 00:29:53.177028 140032285294592 patch_match.cc:87] 25 
I20260717 00:29:53.177030 140032285294592 patch_match.cc:87] 4 
I20260717 00:29:53.177032 140032285294592 patch_match.cc:87] 90 
I20260717 00:29:53.177034 140032285294592 patch_match.cc:87] 3 
I20260717 00:29:53.177035 140032285294592 patch_match.cc:87] 88 
I20260717 00:29:53.177037 140032285294592 patch_match.cc:87] 1 
I20260717 00:29:53.177039 140032285294592 patch_match.cc:87] 2 
I20260717 00:29:53.177041 140032285294592 patch_match.cc:87] 0 
I20260717 00:29:53.177043 140032285294592 patch_match.cc:87] 8 
I20260717 00:29:53.177044 140032285294592 patch_match.cc:87] 86 
I20260717 00:29:53.177046 140032285294592 patch_match.cc:87] 9 
I20260717 00:29:53.177050 140032285294592 patch_match.cc:87] 10 
I20260717 00:29:53.177052 140032285294592 patch_match.cc:87] 11 
I20260717 00:29:53.177054 140032285294592 patch_match.cc:89] 85
I20260717 00:29:53.177058 140032285294592 misc.cc:51] 
PatchMatchOptions
-----------------
I20260717 00:29:53.177060 140032285294592 patch_match.cc:54] max_image_size: 1600
I20260717 00:29:53.177063 140032285294592 patch_match.cc:55] gpu_index: 0
I20260717 00:29:53.177065 140032285294592 patch_match.cc:56] depth_min: 3.29125
I20260717 00:29:53.177073 140032285294592 patch_match.cc:57] depth_max: 36.8523
I20260717 00:29:53.177077 140032285294592 patch_match.cc:58] window_radius: 5
I20260717 00:29:53.177078 140032285294592 patch_match.cc:59] window_step: 1
I20260717 00:29:53.177080 140032285294592 patch_match.cc:60] sigma_spatial: 5
I20260717 00:29:53.177083 140032285294592 patch_match.cc:61] sigma_color: 0.2
I20260717 00:29:53.177085 140032285294592 patch_match.cc:62] num_samples: 15
I20260717 00:29:53.177087 140032285294592 patch_match.cc:63] ncc_sigma: 0.6
I20260717 00:29:53.177089 140032285294592 patch_match.cc:64] min_triangulation_angle: 1
I20260717 00:29:53.177113 140032285294592 patch_match.cc:65] incident_angle_sigma: 0.9
I20260717 00:29:53.177126 140032285294592 patch_match.cc:66] num_iterations: 5
I20260717 00:29:53.177132 140032285294592 patch_match.cc:67] geom_consistency: 0
I20260717 00:29:53.177135 140032285294592 patch_match.cc:68] geom_consistency_regularizer: 0.3
I20260717 00:29:53.177140 140032285294592 patch_match.cc:69] geom_consistency_max_cost: 3
I20260717 00:29:53.177143 140032285294592 patch_match.cc:70] filter: 0
I20260717 00:29:53.177145 140032285294592 patch_match.cc:71] filter_min_ncc: 0.1
I20260717 00:29:53.177149 140032285294592 patch_match.cc:72] filter_min_triangulation_angle: 3
I20260717 00:29:53.177151 140032285294592 patch_match.cc:73] filter_min_num_consistent: 2
I20260717 00:29:53.177154 140032285294592 patch_match.cc:74] filter_geom_consistency_max_cost: 1
I20260717 00:29:53.177156 140032285294592 patch_match.cc:75] write_consistency_graph: 0
I20260717 00:29:53.177159 140032285294592 patch_match.cc:76] allow_missing_files: 0
I20260717 00:29:53.177162 140032285294592 misc.cc:51] 
PatchMatch::Run
---------------
I20260717 00:29:53.311617 140032285294592 cudacc.cc:51] Initialization: 0.1097s
I20260717 00:29:53.847705 140032285294592 cudacc.cc:51]  Sweep 1: 0.5359s
I20260717 00:29:54.227720 140032285294592 cudacc.cc:51]  Sweep 2: 0.3799s
I20260717 00:29:54.747886 140032285294592 cudacc.cc:51]  Sweep 3: 0.5200s
I20260717 00:29:55.129689 140032285294592 cudacc.cc:51]  Sweep 4: 0.3817s
I20260717 00:29:55.129784 140032285294592 cudacc.cc:51] Iteration 1: 1.8180s
I20260717 00:29:55.638893 140032285294592 cudacc.cc:51]  Sweep 1: 0.5090s
I20260717 00:29:56.009738 140032285294592 cudacc.cc:51]  Sweep 2: 0.3707s
I20260717 00:29:56.513059 140032285294592 cudacc.cc:51]  Sweep 3: 0.5032s
I20260717 00:29:56.877245 140032285294592 cudacc.cc:51]  Sweep 4: 0.3641s
I20260717 00:29:56.877338 140032285294592 cudacc.cc:51] Iteration 2: 1.7475s
I20260717 00:29:57.371497 140032285294592 cudacc.cc:51]  Sweep 1: 0.4941s
I20260717 00:29:57.726945 140032285294592 cudacc.cc:51]  Sweep 2: 0.3553s
I20260717 00:29:58.219263 140032285294592 cudacc.cc:51]  Sweep 3: 0.4922s
I20260717 00:29:58.569357 140032285294592 cudacc.cc:51]  Sweep 4: 0.3500s
I20260717 00:29:58.569457 140032285294592 cudacc.cc:51] Iteration 3: 1.6920s
I20260717 00:29:59.051328 140032285294592 cudacc.cc:51]  Sweep 1: 0.4818s
I20260717 00:29:59.394569 140032285294592 cudacc.cc:51]  Sweep 2: 0.3431s
I20260717 00:29:59.875516 140032285294592 cudacc.cc:51]  Sweep 3: 0.4808s
I20260717 00:30:00.213059 140032285294592 cudacc.cc:51]  Sweep 4: 0.3374s
I20260717 00:30:00.213180 140032285294592 cudacc.cc:51] Iteration 4: 1.6436s
I20260717 00:30:00.687186 140032285294592 cudacc.cc:51]  Sweep 1: 0.4739s
I20260717 00:30:01.028006 140032285294592 cudacc.cc:51]  Sweep 2: 0.3407s
I20260717 00:30:01.503571 140032285294592 cudacc.cc:51]  Sweep 3: 0.4754s
I20260717 00:30:01.836104 140032285294592 cudacc.cc:51]  Sweep 4: 0.3324s
I20260717 00:30:01.836198 140032285294592 cudacc.cc:51] Iteration 5: 1.6229s
I20260717 00:30:01.836246 140032285294592 cudacc.cc:51] Total: 8.6343s
I20260717 00:30:01.836270 140032285294592 patch_match.cc:533] 
Writing photometric output for frame_000040.jpg
I20260717 00:30:01.936874 140032285294592 misc.cc:44] 
==============================================================================
Processing view 8 / 205 for frame_000150.jpg
==============================================================================
I20260717 00:30:01.936954 140032285294592 patch_match.cc:490] Reading inputs...
I20260717 00:30:02.105180 140032285294592 misc.cc:51] 
PatchMatch::Problem
-------------------
I20260717 00:30:02.105223 140032285294592 patch_match.cc:82] ref_image_idx: 7
I20260717 00:30:02.105229 140032285294592 patch_match.cc:84] src_image_idxs: 
I20260717 00:30:02.105231 140032285294592 patch_match.cc:87] 13 
I20260717 00:30:02.105233 140032285294592 patch_match.cc:87] 100 
I20260717 00:30:02.105235 140032285294592 patch_match.cc:87] 19 
I20260717 00:30:02.105237 140032285294592 patch_match.cc:87] 96 
I20260717 00:30:02.105239 140032285294592 patch_match.cc:87] 12 
I20260717 00:30:02.105241 140032285294592 patch_match.cc:87] 99 
I20260717 00:30:02.105243 140032285294592 patch_match.cc:87] 15 
I20260717 00:30:02.105244 140032285294592 patch_match.cc:87] 24 
I20260717 00:30:02.105246 140032285294592 patch_match.cc:87] 22 
I20260717 00:30:02.105248 140032285294592 patch_match.cc:87] 26 
I20260717 00:30:02.105250 140032285294592 patch_match.cc:87] 21 
I20260717 00:30:02.105252 140032285294592 patch_match.cc:87] 23 
I20260717 00:30:02.105253 140032285294592 patch_match.cc:87] 28 
I20260717 00:30:02.105255 140032285294592 patch_match.cc:87] 20 
I20260717 00:30:02.105257 140032285294592 patch_match.cc:87] 98 
I20260717 00:30:02.105259 140032285294592 patch_match.cc:87] 29 
I20260717 00:30:02.105261 140032285294592 patch_match.cc:87] 16 
I20260717 00:30:02.105262 140032285294592 patch_match.cc:87] 27 
I20260717 00:30:02.105264 140032285294592 patch_match.cc:87] 18 
I20260717 00:30:02.105266 140032285294592 patch_match.cc:89] 17
I20260717 00:30:02.105269 140032285294592 misc.cc:51] 
PatchMatchOptions
-----------------
I20260717 00:30:02.105272 140032285294592 patch_match.cc:54] max_image_size: 1600
I20260717 00:30:02.105283 140032285294592 patch_match.cc:55] gpu_index: 0
I20260717 00:30:02.105285 140032285294592 patch_match.cc:56] depth_min: 3.3557
I20260717 00:30:02.105294 140032285294592 patch_match.cc:57] depth_max: 18.2914
I20260717 00:30:02.105297 140032285294592 patch_match.cc:58] window_radius: 5
I20260717 00:30:02.105299 140032285294592 patch_match.cc:59] window_step: 1
I20260717 00:30:02.105300 140032285294592 patch_match.cc:60] sigma_spatial: 5
I20260717 00:30:02.105303 140032285294592 patch_match.cc:61] sigma_color: 0.2
I20260717 00:30:02.105308 140032285294592 patch_match.cc:62] num_samples: 15
I20260717 00:30:02.105310 140032285294592 patch_match.cc:63] ncc_sigma: 0.6
I20260717 00:30:02.105313 140032285294592 patch_match.cc:64] min_triangulation_angle: 1
I20260717 00:30:02.105315 140032285294592 patch_match.cc:65] incident_angle_sigma: 0.9
I20260717 00:30:02.105318 140032285294592 patch_match.cc:66] num_iterations: 5
I20260717 00:30:02.105320 140032285294592 patch_match.cc:67] geom_consistency: 0
I20260717 00:30:02.105323 140032285294592 patch_match.cc:68] geom_consistency_regularizer: 0.3
I20260717 00:30:02.105325 140032285294592 patch_match.cc:69] geom_consistency_max_cost: 3
I20260717 00:30:02.105328 140032285294592 patch_match.cc:70] filter: 0
I20260717 00:30:02.105330 140032285294592 patch_match.cc:71] filter_min_ncc: 0.1
I20260717 00:30:02.105333 140032285294592 patch_match.cc:72] filter_min_triangulation_angle: 3
I20260717 00:30:02.105336 140032285294592 patch_match.cc:73] filter_min_num_consistent: 2
I20260717 00:30:02.105338 140032285294592 patch_match.cc:74] filter_geom_consistency_max_cost: 1
I20260717 00:30:02.105341 140032285294592 patch_match.cc:75] write_consistency_graph: 0
I20260717 00:30:02.105343 140032285294592 patch_match.cc:76] allow_missing_files: 0
I20260717 00:30:02.105347 140032285294592 misc.cc:51] 
PatchMatch::Run
---------------
I20260717 00:30:02.248662 140032285294592 cudacc.cc:51] Initialization: 0.1141s
I20260717 00:30:02.775508 140032285294592 cudacc.cc:51]  Sweep 1: 0.5267s
I20260717 00:30:03.158338 140032285294592 cudacc.cc:51]  Sweep 2: 0.3827s
I20260717 00:30:03.674701 140032285294592 cudacc.cc:51]  Sweep 3: 0.5162s
I20260717 00:30:04.061863 140032285294592 cudacc.cc:51]  Sweep 4: 0.3871s
I20260717 00:30:04.061952 140032285294592 cudacc.cc:51] Iteration 1: 1.8131s
I20260717 00:30:04.586840 140032285294592 cudacc.cc:51]  Sweep 1: 0.5248s
I20260717 00:30:04.969658 140032285294592 cudacc.cc:51]  Sweep 2: 0.3827s
I20260717 00:30:05.478782 140032285294592 cudacc.cc:51]  Sweep 3: 0.5090s
I20260717 00:30:05.855421 140032285294592 cudacc.cc:51]  Sweep 4: 0.3765s
I20260717 00:30:05.855509 140032285294592 cudacc.cc:51] Iteration 2: 1.7935s
I20260717 00:30:06.366885 140032285294592 cudacc.cc:51]  Sweep 1: 0.5113s
I20260717 00:30:06.739152 140032285294592 cudacc.cc:51]  Sweep 2: 0.3722s
I20260717 00:30:07.241577 140032285294592 cudacc.cc:51]  Sweep 3: 0.5023s
I20260717 00:30:07.606503 140032285294592 cudacc.cc:51]  Sweep 4: 0.3648s
I20260717 00:30:07.606593 140032285294592 cudacc.cc:51] Iteration 3: 1.7510s
I20260717 00:30:08.106668 140032285294592 cudacc.cc:51]  Sweep 1: 0.5000s
I20260717 00:30:08.468101 140032285294592 cudacc.cc:51]  Sweep 2: 0.3613s
I20260717 00:30:08.966491 140032285294592 cudacc.cc:51]  Sweep 3: 0.4983s
I20260717 00:30:09.319937 140032285294592 cudacc.cc:51]  Sweep 4: 0.3533s
I20260717 00:30:09.320033 140032285294592 cudacc.cc:51] Iteration 4: 1.7134s
I20260717 00:30:09.812324 140032285294592 cudacc.cc:51]  Sweep 1: 0.4922s
I20260717 00:30:10.166341 140032285294592 cudacc.cc:51]  Sweep 2: 0.3539s
I20260717 00:30:10.662185 140032285294592 cudacc.cc:51]  Sweep 3: 0.4957s
I20260717 00:30:11.008261 140032285294592 cudacc.cc:51]  Sweep 4: 0.3460s
I20260717 00:30:11.008376 140032285294592 cudacc.cc:51] Iteration 5: 1.6883s
I20260717 00:30:11.008424 140032285294592 cudacc.cc:51] Total: 8.8738s
I20260717 00:30:11.008450 140032285294592 patch_match.cc:533] 
Writing photometric output for frame_000150.jpg
I20260717 00:30:11.120512 140032285294592 misc.cc:44] 
==============================================================================
Processing view 9 / 205 for frame_000050.jpg
==============================================================================
I20260717 00:30:11.120572 140032285294592 patch_match.cc:490] Reading inputs...
I20260717 00:30:11.140730 140032285294592 misc.cc:51] 
PatchMatch::Problem
-------------------
I20260717 00:30:11.140779 140032285294592 patch_match.cc:82] ref_image_idx: 8
I20260717 00:30:11.140786 140032285294592 patch_match.cc:84] src_image_idxs: 
I20260717 00:30:11.140789 140032285294592 patch_match.cc:87] 14 
I20260717 00:30:11.140791 140032285294592 patch_match.cc:87] 87 
I20260717 00:30:11.140793 140032285294592 patch_match.cc:87] 0 
I20260717 00:30:11.140795 140032285294592 patch_match.cc:87] 25 
I20260717 00:30:11.140797 140032285294592 patch_match.cc:87] 41 
I20260717 00:30:11.140799 140032285294592 patch_match.cc:87] 12 
I20260717 00:30:11.140801 140032285294592 patch_match.cc:87] 9 
I20260717 00:30:11.140803 140032285294592 patch_match.cc:87] 6 
I20260717 00:30:11.140805 140032285294592 patch_match.cc:87] 10 
I20260717 00:30:11.140807 140032285294592 patch_match.cc:87] 92 
I20260717 00:30:11.140809 140032285294592 patch_match.cc:87] 5 
I20260717 00:30:11.140811 140032285294592 patch_match.cc:87] 11 
I20260717 00:30:11.140813 140032285294592 patch_match.cc:87] 91 
I20260717 00:30:11.140815 140032285294592 patch_match.cc:87] 4 
I20260717 00:30:11.140816 140032285294592 patch_match.cc:87] 13 
I20260717 00:30:11.140818 140032285294592 patch_match.cc:87] 90 
I20260717 00:30:11.140833 140032285294592 patch_match.cc:87] 3 
I20260717 00:30:11.140835 140032285294592 patch_match.cc:87] 88 
I20260717 00:30:11.140837 140032285294592 patch_match.cc:87] 1 
I20260717 00:30:11.140839 140032285294592 patch_match.cc:89] 2
I20260717 00:30:11.140843 140032285294592 misc.cc:51] 
PatchMatchOptions
-----------------
I20260717 00:30:11.140846 140032285294592 patch_match.cc:54] max_image_size: 1600
I20260717 00:30:11.140848 140032285294592 patch_match.cc:55] gpu_index: 0
I20260717 00:30:11.140850 140032285294592 patch_match.cc:56] depth_min: 3.24546
I20260717 00:30:11.140857 140032285294592 patch_match.cc:57] depth_max: 36.6252
I20260717 00:30:11.140860 140032285294592 patch_match.cc:58] window_radius: 5
I20260717 00:30:11.140862 140032285294592 patch_match.cc:59] window_step: 1
I20260717 00:30:11.140864 140032285294592 patch_match.cc:60] sigma_spatial: 5
I20260717 00:30:11.140868 140032285294592 patch_match.cc:61] sigma_color: 0.2
I20260717 00:30:11.140871 140032285294592 patch_match.cc:62] num_samples: 15
I20260717 00:30:11.140873 140032285294592 patch_match.cc:63] ncc_sigma: 0.6
I20260717 00:30:11.140876 140032285294592 patch_match.cc:64] min_triangulation_angle: 1
I20260717 00:30:11.140879 140032285294592 patch_match.cc:65] incident_angle_sigma: 0.9
I20260717 00:30:11.140882 140032285294592 patch_match.cc:66] num_iterations: 5
I20260717 00:30:11.140913 140032285294592 patch_match.cc:67] geom_consistency: 0
I20260717 00:30:11.140916 140032285294592 patch_match.cc:68] geom_consistency_regularizer: 0.3
I20260717 00:30:11.140918 140032285294592 patch_match.cc:69] geom_consistency_max_cost: 3
I20260717 00:30:11.140922 140032285294592 patch_match.cc:70] filter: 0
I20260717 00:30:11.140924 140032285294592 patch_match.cc:71] filter_min_ncc: 0.1
I20260717 00:30:11.140927 140032285294592 patch_match.cc:72] filter_min_triangulation_angle: 3
I20260717 00:30:11.140930 140032285294592 patch_match.cc:73] filter_min_num_consistent: 2
I20260717 00:30:11.140932 140032285294592 patch_match.cc:74] filter_geom_consistency_max_cost: 1
I20260717 00:30:11.140935 140032285294592 patch_match.cc:75] write_consistency_graph: 0
I20260717 00:30:11.140938 140032285294592 patch_match.cc:76] allow_missing_files: 0
I20260717 00:30:11.140941 140032285294592 misc.cc:51] 
PatchMatch::Run
---------------
I20260717 00:30:11.279757 140032285294592 cudacc.cc:51] Initialization: 0.1095s
I20260717 00:30:11.820212 140032285294592 cudacc.cc:51]  Sweep 1: 0.5402s
I20260717 00:30:12.202751 140032285294592 cudacc.cc:51]  Sweep 2: 0.3824s
I20260717 00:30:12.726000 140032285294592 cudacc.cc:51]  Sweep 3: 0.5231s
I20260717 00:30:13.110682 140032285294592 cudacc.cc:51]  Sweep 4: 0.3846s
I20260717 00:30:13.110774 140032285294592 cudacc.cc:51] Iteration 1: 1.8308s
I20260717 00:30:13.628912 140032285294592 cudacc.cc:51]  Sweep 1: 0.5181s
I20260717 00:30:14.005894 140032285294592 cudacc.cc:51]  Sweep 2: 0.3768s
I20260717 00:30:14.515014 140032285294592 cudacc.cc:51]  Sweep 3: 0.5090s
I20260717 00:30:14.884264 140032285294592 cudacc.cc:51]  Sweep 4: 0.3691s
I20260717 00:30:14.884370 140032285294592 cudacc.cc:51] Iteration 2: 1.7735s
I20260717 00:30:15.396385 140032285294592 cudacc.cc:51]  Sweep 1: 0.5006s
I20260717 00:30:15.757217 140032285294592 cudacc.cc:51]  Sweep 2: 0.3607s
I20260717 00:30:16.254109 140032285294592 cudacc.cc:51]  Sweep 3: 0.4967s
I20260717 00:30:16.607904 140032285294592 cudacc.cc:51]  Sweep 4: 0.3537s
I20260717 00:30:16.607995 140032285294592 cudacc.cc:51] Iteration 3: 1.7123s
I20260717 00:30:17.096684 140032285294592 cudacc.cc:51]  Sweep 1: 0.4886s
I20260717 00:30:17.446005 140032285294592 cudacc.cc:51]  Sweep 2: 0.3492s
I20260717 00:30:17.932423 140032285294592 cudacc.cc:51]  Sweep 3: 0.4863s
I20260717 00:30:18.275948 140032285294592 cudacc.cc:51]  Sweep 4: 0.3434s
I20260717 00:30:18.276040 140032285294592 cudacc.cc:51] Iteration 4: 1.6680s
I20260717 00:30:18.756589 140032285294592 cudacc.cc:51]  Sweep 1: 0.4805s
I20260717 00:30:19.097231 140032285294592 cudacc.cc:51]  Sweep 2: 0.3405s
I20260717 00:30:19.578034 140032285294592 cudacc.cc:51]  Sweep 3: 0.4807s
I20260717 00:30:19.914309 140032285294592 cudacc.cc:51]  Sweep 4: 0.3362s
I20260717 00:30:19.914418 140032285294592 cudacc.cc:51] Iteration 5: 1.6383s
I20260717 00:30:19.925887 140032285294592 cudacc.cc:51] Total: 8.7556s
I20260717 00:30:19.925959 140032285294592 patch_match.cc:533] 
Writing photometric output for frame_000050.jpg
I20260717 00:30:20.031148 140032285294592 misc.cc:44] 
==============================================================================
Processing view 10 / 205 for frame_000055.jpg
==============================================================================
I20260717 00:30:20.031215 140032285294592 patch_match.cc:490] Reading inputs...
I20260717 00:30:20.034046 140032285294592 misc.cc:51] 
PatchMatch::Problem
-------------------
I20260717 00:30:20.034123 140032285294592 patch_match.cc:82] ref_image_idx: 9
I20260717 00:30:20.034132 140032285294592 patch_match.cc:84] src_image_idxs: 
I20260717 00:30:20.034135 140032285294592 patch_match.cc:87] 14 
I20260717 00:30:20.034138 140032285294592 patch_match.cc:87] 87 
I20260717 00:30:20.034141 140032285294592 patch_match.cc:87] 0 
I20260717 00:30:20.034143 140032285294592 patch_match.cc:87] 8 
I20260717 00:30:20.034146 140032285294592 patch_match.cc:87] 25 
I20260717 00:30:20.034148 140032285294592 patch_match.cc:87] 41 
I20260717 00:30:20.034151 140032285294592 patch_match.cc:87] 12 
I20260717 00:30:20.034153 140032285294592 patch_match.cc:87] 10 
I20260717 00:30:20.034156 140032285294592 patch_match.cc:87] 6 
I20260717 00:30:20.034158 140032285294592 patch_match.cc:87] 11 
I20260717 00:30:20.034161 140032285294592 patch_match.cc:87] 91 
I20260717 00:30:20.034163 140032285294592 patch_match.cc:87] 4 
I20260717 00:30:20.034166 140032285294592 patch_match.cc:87] 92 
I20260717 00:30:20.034168 140032285294592 patch_match.cc:87] 5 
I20260717 00:30:20.034171 140032285294592 patch_match.cc:87] 13 
I20260717 00:30:20.034173 140032285294592 patch_match.cc:87] 90 
I20260717 00:30:20.034176 140032285294592 patch_match.cc:87] 3 
I20260717 00:30:20.034178 140032285294592 patch_match.cc:87] 88 
I20260717 00:30:20.034180 140032285294592 patch_match.cc:87] 1 
I20260717 00:30:20.034183 140032285294592 patch_match.cc:89] 2
I20260717 00:30:20.034188 140032285294592 misc.cc:51] 
PatchMatchOptions
-----------------
I20260717 00:30:20.034191 140032285294592 patch_match.cc:54] max_image_size: 1600
I20260717 00:30:20.034195 140032285294592 patch_match.cc:55] gpu_index: 0
I20260717 00:30:20.034208 140032285294592 patch_match.cc:56] depth_min: 3.21967
I20260717 00:30:20.034217 140032285294592 patch_match.cc:57] depth_max: 36.5139
I20260717 00:30:20.034221 140032285294592 patch_match.cc:58] window_radius: 5
I20260717 00:30:20.034223 140032285294592 patch_match.cc:59] window_step: 1
I20260717 00:30:20.034225 140032285294592 patch_match.cc:60] sigma_spatial: 5
I20260717 00:30:20.034228 140032285294592 patch_match.cc:61] sigma_color: 0.2
I20260717 00:30:20.034230 140032285294592 patch_match.cc:62] num_samples: 15
I20260717 00:30:20.034233 140032285294592 patch_match.cc:63] ncc_sigma: 0.6
I20260717 00:30:20.034235 140032285294592 patch_match.cc:64] min_triangulation_angle: 1
I20260717 00:30:20.034237 140032285294592 patch_match.cc:65] incident_angle_sigma: 0.9
I20260717 00:30:20.034240 140032285294592 patch_match.cc:66] num_iterations: 5
I20260717 00:30:20.034243 140032285294592 patch_match.cc:67] geom_consistency: 0
I20260717 00:30:20.034245 140032285294592 patch_match.cc:68] geom_consistency_regularizer: 0.3
I20260717 00:30:20.034248 140032285294592 patch_match.cc:69] geom_consistency_max_cost: 3
I20260717 00:30:20.034251 140032285294592 patch_match.cc:70] filter: 0
I20260717 00:30:20.034254 140032285294592 patch_match.cc:71] filter_min_ncc: 0.1
I20260717 00:30:20.034256 140032285294592 patch_match.cc:72] filter_min_triangulation_angle: 3
I20260717 00:30:20.034259 140032285294592 patch_match.cc:73] filter_min_num_consistent: 2
I20260717 00:30:20.034262 140032285294592 patch_match.cc:74] filter_geom_consistency_max_cost: 1
I20260717 00:30:20.034265 140032285294592 patch_match.cc:75] write_consistency_graph: 0
I20260717 00:30:20.034267 140032285294592 patch_match.cc:76] allow_missing_files: 0
I20260717 00:30:20.034271 140032285294592 misc.cc:51] 
PatchMatch::Run
---------------
I20260717 00:30:20.173833 140032285294592 cudacc.cc:51] Initialization: 0.1141s
I20260717 00:30:20.721399 140032285294592 cudacc.cc:51]  Sweep 1: 0.5474s
I20260717 00:30:21.102108 140032285294592 cudacc.cc:51]  Sweep 2: 0.3806s
I20260717 00:30:21.622727 140032285294592 cudacc.cc:51]  Sweep 3: 0.5205s
I20260717 00:30:22.005979 140032285294592 cudacc.cc:51]  Sweep 4: 0.3831s
I20260717 00:30:22.006109 140032285294592 cudacc.cc:51] Iteration 1: 1.8321s
I20260717 00:30:22.526732 140032285294592 cudacc.cc:51]  Sweep 1: 0.5205s
I20260717 00:30:22.902887 140032285294592 cudacc.cc:51]  Sweep 2: 0.3760s
I20260717 00:30:23.408515 140032285294592 cudacc.cc:51]  Sweep 3: 0.5055s
I20260717 00:30:23.776885 140032285294592 cudacc.cc:51]  Sweep 4: 0.3682s
I20260717 00:30:23.776986 140032285294592 cudacc.cc:51] Iteration 2: 1.7707s
I20260717 00:30:24.277224 140032285294592 cudacc.cc:51]  Sweep 1: 0.5002s
I20260717 00:30:24.638838 140032285294592 cudacc.cc:51]  Sweep 2: 0.3615s
I20260717 00:30:25.135246 140032285294592 cudacc.cc:51]  Sweep 3: 0.4963s
I20260717 00:30:25.487561 140032285294592 cudacc.cc:51]  Sweep 4: 0.3522s
I20260717 00:30:25.487666 140032285294592 cudacc.cc:51] Iteration 3: 1.7106s
I20260717 00:30:25.976634 140032285294592 cudacc.cc:51]  Sweep 1: 0.4889s
I20260717 00:30:26.324328 140032285294592 cudacc.cc:51]  Sweep 2: 0.3476s
I20260717 00:30:26.808860 140032285294592 cudacc.cc:51]  Sweep 3: 0.4844s
I20260717 00:30:27.148488 140032285294592 cudacc.cc:51]  Sweep 4: 0.3395s
I20260717 00:30:27.148579 140032285294592 cudacc.cc:51] Iteration 4: 1.6608s
I20260717 00:30:27.628640 140032285294592 cudacc.cc:51]  Sweep 1: 0.4800s
I20260717 00:30:27.969800 140032285294592 cudacc.cc:51]  Sweep 2: 0.3410s
I20260717 00:30:28.452608 140032285294592 cudacc.cc:51]  Sweep 3: 0.4827s
I20260717 00:30:28.787470 140032285294592 cudacc.cc:51]  Sweep 4: 0.3347s
I20260717 00:30:28.787561 140032285294592 cudacc.cc:51] Iteration 5: 1.6389s
I20260717 00:30:28.787617 140032285294592 cudacc.cc:51] Total: 8.7278s
I20260717 00:30:28.787645 140032285294592 patch_match.cc:533] 
Writing photometric output for frame_000055.jpg
I20260717 00:30:28.922454 140032285294592 misc.cc:44] 
==============================================================================
Processing view 11 / 205 for frame_000060.jpg
==============================================================================
I20260717 00:30:28.922515 140032285294592 patch_match.cc:490] Reading inputs...
I20260717 00:30:28.924974 140032285294592 misc.cc:51] 
PatchMatch::Problem
-------------------
I20260717 00:30:28.925019 140032285294592 patch_match.cc:82] ref_image_idx: 10
I20260717 00:30:28.925026 140032285294592 patch_match.cc:84] src_image_idxs: 
I20260717 00:30:28.925028 140032285294592 patch_match.cc:87] 16 
I20260717 00:30:28.925031 140032285294592 patch_match.cc:87] 15 
I20260717 00:30:28.925033 140032285294592 patch_match.cc:87] 13 
I20260717 00:30:28.925035 140032285294592 patch_match.cc:87] 11 
I20260717 00:30:28.925036 140032285294592 patch_match.cc:87] 9 
I20260717 00:30:28.925038 140032285294592 patch_match.cc:87] 8 
I20260717 00:30:28.925040 140032285294592 patch_match.cc:87] 25 
I20260717 00:30:28.925042 140032285294592 patch_match.cc:87] 93 
I20260717 00:30:28.925044 140032285294592 patch_match.cc:87] 6 
I20260717 00:30:28.925046 140032285294592 patch_match.cc:87] 92 
I20260717 00:30:28.925047 140032285294592 patch_match.cc:87] 5 
I20260717 00:30:28.925049 140032285294592 patch_match.cc:87] 91 
I20260717 00:30:28.925051 140032285294592 patch_match.cc:87] 4 
I20260717 00:30:28.925055 140032285294592 patch_match.cc:87] 12 
I20260717 00:30:28.925057 140032285294592 patch_match.cc:87] 41 
I20260717 00:30:28.925060 140032285294592 patch_match.cc:87] 2 
I20260717 00:30:28.925062 140032285294592 patch_match.cc:87] 1 
I20260717 00:30:28.925064 140032285294592 patch_match.cc:87] 90 
I20260717 00:30:28.925066 140032285294592 patch_match.cc:87] 3 
I20260717 00:30:28.925068 140032285294592 patch_match.cc:89] 0
I20260717 00:30:28.925072 140032285294592 misc.cc:51] 
PatchMatchOptions
-----------------
I20260717 00:30:28.925075 140032285294592 patch_match.cc:54] max_image_size: 1600
I20260717 00:30:28.925077 140032285294592 patch_match.cc:55] gpu_index: 0
I20260717 00:30:28.925080 140032285294592 patch_match.cc:56] depth_min: 3.22417
I20260717 00:30:28.925088 140032285294592 patch_match.cc:57] depth_max: 34.5462
I20260717 00:30:28.925092 140032285294592 patch_match.cc:58] window_radius: 5
I20260717 00:30:28.925094 140032285294592 patch_match.cc:59] window_step: 1
I20260717 00:30:28.925097 140032285294592 patch_match.cc:60] sigma_spatial: 5
I20260717 00:30:28.925099 140032285294592 patch_match.cc:61] sigma_color: 0.2
I20260717 00:30:28.925102 140032285294592 patch_match.cc:62] num_samples: 15
I20260717 00:30:28.925105 140032285294592 patch_match.cc:63] ncc_sigma: 0.6
I20260717 00:30:28.925108 140032285294592 patch_match.cc:64] min_triangulation_angle: 1
I20260717 00:30:28.925111 140032285294592 patch_match.cc:65] incident_angle_sigma: 0.9
I20260717 00:30:28.925113 140032285294592 patch_match.cc:66] num_iterations: 5
I20260717 00:30:28.925116 140032285294592 patch_match.cc:67] geom_consistency: 0
I20260717 00:30:28.925118 140032285294592 patch_match.cc:68] geom_consistency_regularizer: 0.3
I20260717 00:30:28.925121 140032285294592 patch_match.cc:69] geom_consistency_max_cost: 3
I20260717 00:30:28.925124 140032285294592 patch_match.cc:70] filter: 0
I20260717 00:30:28.925126 140032285294592 patch_match.cc:71] filter_min_ncc: 0.1
I20260717 00:30:28.925129 140032285294592 patch_match.cc:72] filter_min_triangulation_angle: 3
I20260717 00:30:28.925132 140032285294592 patch_match.cc:73] filter_min_num_consistent: 2
I20260717 00:30:28.925134 140032285294592 patch_match.cc:74] filter_geom_consistency_max_cost: 1
I20260717 00:30:28.925137 140032285294592 patch_match.cc:75] write_consistency_graph: 0
I20260717 00:30:28.925139 140032285294592 patch_match.cc:76] allow_missing_files: 0
I20260717 00:30:28.925142 140032285294592 misc.cc:51] 
PatchMatch::Run
---------------
I20260717 00:30:29.063771 140032285294592 cudacc.cc:51] Initialization: 0.1154s
I20260717 00:30:29.604419 140032285294592 cudacc.cc:51]  Sweep 1: 0.5405s
I20260717 00:30:29.986613 140032285294592 cudacc.cc:51]  Sweep 2: 0.3821s
I20260717 00:30:30.506167 140032285294592 cudacc.cc:51]  Sweep 3: 0.5194s
I20260717 00:30:30.893287 140032285294592 cudacc.cc:51]  Sweep 4: 0.3870s
I20260717 00:30:30.893390 140032285294592 cudacc.cc:51] Iteration 1: 1.8294s
I20260717 00:30:31.416250 140032285294592 cudacc.cc:51]  Sweep 1: 0.5227s
I20260717 00:30:31.794133 140032285294592 cudacc.cc:51]  Sweep 2: 0.3777s
I20260717 00:30:32.298824 140032285294592 cudacc.cc:51]  Sweep 3: 0.5046s
I20260717 00:30:32.668527 140032285294592 cudacc.cc:51]  Sweep 4: 0.3696s
I20260717 00:30:32.668614 140032285294592 cudacc.cc:51] Iteration 2: 1.7751s
I20260717 00:30:33.170888 140032285294592 cudacc.cc:51]  Sweep 1: 0.5022s
I20260717 00:30:33.536344 140032285294592 cudacc.cc:51]  Sweep 2: 0.3653s
I20260717 00:30:34.034380 140032285294592 cudacc.cc:51]  Sweep 3: 0.4979s
I20260717 00:30:34.390054 140032285294592 cudacc.cc:51]  Sweep 4: 0.3554s
I20260717 00:30:34.390151 140032285294592 cudacc.cc:51] Iteration 3: 1.7215s
I20260717 00:30:34.879918 140032285294592 cudacc.cc:51]  Sweep 1: 0.4897s
I20260717 00:30:35.231336 140032285294592 cudacc.cc:51]  Sweep 2: 0.3513s
I20260717 00:30:35.717843 140032285294592 cudacc.cc:51]  Sweep 3: 0.4864s
I20260717 00:30:36.060082 140032285294592 cudacc.cc:51]  Sweep 4: 0.3421s
I20260717 00:30:36.060216 140032285294592 cudacc.cc:51] Iteration 4: 1.6700s
I20260717 00:30:36.540399 140032285294592 cudacc.cc:51]  Sweep 1: 0.4801s
I20260717 00:30:36.882807 140032285294592 cudacc.cc:51]  Sweep 2: 0.3423s
I20260717 00:30:37.360048 140032285294592 cudacc.cc:51]  Sweep 3: 0.4771s
I20260717 00:30:37.696784 140032285294592 cudacc.cc:51]  Sweep 4: 0.3366s
I20260717 00:30:37.696881 140032285294592 cudacc.cc:51] Iteration 5: 1.6366s
I20260717 00:30:37.696929 140032285294592 cudacc.cc:51] Total: 8.7485s
I20260717 00:30:37.696952 140032285294592 patch_match.cc:533] 
Writing photometric output for frame_000060.jpg
I20260717 00:30:37.800234 140032285294592 misc.cc:44] 
==============================================================================
Processing view 12 / 205 for frame_000065.jpg
==============================================================================
I20260717 00:30:37.800292 140032285294592 patch_match.cc:490] Reading inputs...
I20260717 00:30:37.802621 140032285294592 misc.cc:51] 
PatchMatch::Problem
-------------------
I20260717 00:30:37.802672 140032285294592 patch_match.cc:82] ref_image_idx: 11
I20260717 00:30:37.802679 140032285294592 patch_match.cc:84] src_image_idxs: 
I20260717 00:30:37.802681 140032285294592 patch_match.cc:87] 85 
I20260717 00:30:37.802684 140032285294592 patch_match.cc:87] 13 
I20260717 00:30:37.802686 140032285294592 patch_match.cc:87] 86 
I20260717 00:30:37.802688 140032285294592 patch_match.cc:87] 10 
I20260717 00:30:37.802689 140032285294592 patch_match.cc:87] 9 
I20260717 00:30:37.802691 140032285294592 patch_match.cc:87] 93 
I20260717 00:30:37.802693 140032285294592 patch_match.cc:87] 6 
I20260717 00:30:37.802695 140032285294592 patch_match.cc:87] 8 
I20260717 00:30:37.802697 140032285294592 patch_match.cc:87] 92 
I20260717 00:30:37.802699 140032285294592 patch_match.cc:87] 5 
I20260717 00:30:37.802701 140032285294592 patch_match.cc:87] 25 
I20260717 00:30:37.802703 140032285294592 patch_match.cc:87] 12 
I20260717 00:30:37.802707 140032285294592 patch_match.cc:87] 41 
I20260717 00:30:37.802709 140032285294592 patch_match.cc:87] 2 
I20260717 00:30:37.802712 140032285294592 patch_match.cc:87] 15 
I20260717 00:30:37.802714 140032285294592 patch_match.cc:87] 4 
I20260717 00:30:37.802717 140032285294592 patch_match.cc:87] 90 
I20260717 00:30:37.802719 140032285294592 patch_match.cc:87] 3 
I20260717 00:30:37.802721 140032285294592 patch_match.cc:87] 1 
I20260717 00:30:37.802723 140032285294592 patch_match.cc:89] 0
I20260717 00:30:37.802727 140032285294592 misc.cc:51] 
PatchMatchOptions
-----------------
I20260717 00:30:37.802730 140032285294592 patch_match.cc:54] max_image_size: 1600
I20260717 00:30:37.802733 140032285294592 patch_match.cc:55] gpu_index: 0
I20260717 00:30:37.802735 140032285294592 patch_match.cc:56] depth_min: 3.21338
I20260717 00:30:37.802744 140032285294592 patch_match.cc:57] depth_max: 34.1225
I20260717 00:30:37.802758 140032285294592 patch_match.cc:58] window_radius: 5
I20260717 00:30:37.802761 140032285294592 patch_match.cc:59] window_step: 1
I20260717 00:30:37.802763 140032285294592 patch_match.cc:60] sigma_spatial: 5
I20260717 00:30:37.802765 140032285294592 patch_match.cc:61] sigma_color: 0.2
I20260717 00:30:37.802768 140032285294592 patch_match.cc:62] num_samples: 15
I20260717 00:30:37.802770 140032285294592 patch_match.cc:63] ncc_sigma: 0.6
I20260717 00:30:37.802773 140032285294592 patch_match.cc:64] min_triangulation_angle: 1
I20260717 00:30:37.802775 140032285294592 patch_match.cc:65] incident_angle_sigma: 0.9
I20260717 00:30:37.802778 140032285294592 patch_match.cc:66] num_iterations: 5
I20260717 00:30:37.802780 140032285294592 patch_match.cc:67] geom_consistency: 0
I20260717 00:30:37.802782 140032285294592 patch_match.cc:68] geom_consistency_regularizer: 0.3
I20260717 00:30:37.802785 140032285294592 patch_match.cc:69] geom_consistency_max_cost: 3
I20260717 00:30:37.802788 140032285294592 patch_match.cc:70] filter: 0
I20260717 00:30:37.802790 140032285294592 patch_match.cc:71] filter_min_ncc: 0.1
I20260717 00:30:37.802793 140032285294592 patch_match.cc:72] filter_min_triangulation_angle: 3
I20260717 00:30:37.802797 140032285294592 patch_match.cc:73] filter_min_num_consistent: 2
I20260717 00:30:37.802799 140032285294592 patch_match.cc:74] filter_geom_consistency_max_cost: 1
I20260717 00:30:37.802802 140032285294592 patch_match.cc:75] write_consistency_graph: 0
I20260717 00:30:37.802804 140032285294592 patch_match.cc:76] allow_missing_files: 0
I20260717 00:30:37.802807 140032285294592 misc.cc:51] 
PatchMatch::Run
---------------
I20260717 00:30:37.944113 140032285294592 cudacc.cc:51] Initialization: 0.1176s
I20260717 00:30:38.489396 140032285294592 cudacc.cc:51]  Sweep 1: 0.5451s
I20260717 00:30:38.871263 140032285294592 cudacc.cc:51]  Sweep 2: 0.3818s
I20260717 00:30:39.391380 140032285294592 cudacc.cc:51]  Sweep 3: 0.5200s
I20260717 00:30:39.776963 140032285294592 cudacc.cc:51]  Sweep 4: 0.3855s
I20260717 00:30:39.777070 140032285294592 cudacc.cc:51] Iteration 1: 1.8327s
I20260717 00:30:40.297329 140032285294592 cudacc.cc:51]  Sweep 1: 0.5201s
I20260717 00:30:40.675658 140032285294592 cudacc.cc:51]  Sweep 2: 0.3782s
I20260717 00:30:41.182309 140032285294592 cudacc.cc:51]  Sweep 3: 0.5065s
I20260717 00:30:41.554688 140032285294592 cudacc.cc:51]  Sweep 4: 0.3723s
I20260717 00:30:41.554778 140032285294592 cudacc.cc:51] Iteration 2: 1.7776s
I20260717 00:30:42.057844 140032285294592 cudacc.cc:51]  Sweep 1: 0.5030s
I20260717 00:30:42.421887 140032285294592 cudacc.cc:51]  Sweep 2: 0.3639s
I20260717 00:30:42.917869 140032285294592 cudacc.cc:51]  Sweep 3: 0.4959s
I20260717 00:30:43.275488 140032285294592 cudacc.cc:51]  Sweep 4: 0.3575s
I20260717 00:30:43.275579 140032285294592 cudacc.cc:51] Iteration 3: 1.7207s
I20260717 00:30:43.766757 140032285294592 cudacc.cc:51]  Sweep 1: 0.4911s
I20260717 00:30:44.118472 140032285294592 cudacc.cc:51]  Sweep 2: 0.3516s
I20260717 00:30:44.602283 140032285294592 cudacc.cc:51]  Sweep 3: 0.4837s
I20260717 00:30:44.951570 140032285294592 cudacc.cc:51]  Sweep 4: 0.3491s
I20260717 00:30:44.951659 140032285294592 cudacc.cc:51] Iteration 4: 1.6760s
I20260717 00:30:45.435310 140032285294592 cudacc.cc:51]  Sweep 1: 0.4836s
I20260717 00:30:45.780983 140032285294592 cudacc.cc:51]  Sweep 2: 0.3456s
I20260717 00:30:46.260642 140032285294592 cudacc.cc:51]  Sweep 3: 0.4795s
I20260717 00:30:46.604953 140032285294592 cudacc.cc:51]  Sweep 4: 0.3442s
I20260717 00:30:46.605047 140032285294592 cudacc.cc:51] Iteration 5: 1.6533s
I20260717 00:30:46.605095 140032285294592 cudacc.cc:51] Total: 8.7785s
I20260717 00:30:46.605119 140032285294592 patch_match.cc:533] 
Writing photometric output for frame_000065.jpg
I20260717 00:30:46.710779 140032285294592 misc.cc:44] 
==============================================================================
Processing view 13 / 205 for frame_000085.jpg
==============================================================================
I20260717 00:30:46.710848 140032285294592 patch_match.cc:490] Reading inputs...
I20260717 00:30:46.713293 140032285294592 misc.cc:51] 
PatchMatch::Problem
-------------------
I20260717 00:30:46.713355 140032285294592 patch_match.cc:82] ref_image_idx: 12
I20260717 00:30:46.713362 140032285294592 patch_match.cc:84] src_image_idxs: 
I20260717 00:30:46.713365 140032285294592 patch_match.cc:87] 87 
I20260717 00:30:46.713367 140032285294592 patch_match.cc:87] 88 
I20260717 00:30:46.713369 140032285294592 patch_match.cc:87] 20 
I20260717 00:30:46.713371 140032285294592 patch_match.cc:87] 90 
I20260717 00:30:46.713373 140032285294592 patch_match.cc:87] 17 
I20260717 00:30:46.713375 140032285294592 patch_match.cc:87] 13 
I20260717 00:30:46.713377 140032285294592 patch_match.cc:87] 91 
I20260717 00:30:46.713379 140032285294592 patch_match.cc:87] 14 
I20260717 00:30:46.713381 140032285294592 patch_match.cc:87] 5 
I20260717 00:30:46.713383 140032285294592 patch_match.cc:87] 92 
I20260717 00:30:46.713385 140032285294592 patch_match.cc:87] 15 
I20260717 00:30:46.713386 140032285294592 patch_match.cc:87] 41 
I20260717 00:30:46.713388 140032285294592 patch_match.cc:87] 9 
I20260717 00:30:46.713390 140032285294592 patch_match.cc:87] 8 
I20260717 00:30:46.713395 140032285294592 patch_match.cc:87] 25 
I20260717 00:30:46.713397 140032285294592 patch_match.cc:87] 10 
I20260717 00:30:46.713399 140032285294592 patch_match.cc:87] 11 
I20260717 00:30:46.713402 140032285294592 patch_match.cc:87] 16 
I20260717 00:30:46.713404 140032285294592 patch_match.cc:87] 93 
I20260717 00:30:46.713406 140032285294592 patch_match.cc:89] 6
I20260717 00:30:46.713410 140032285294592 misc.cc:51] 
PatchMatchOptions
-----------------
I20260717 00:30:46.713413 140032285294592 patch_match.cc:54] max_image_size: 1600
I20260717 00:30:46.713416 140032285294592 patch_match.cc:55] gpu_index: 0
I20260717 00:30:46.713418 140032285294592 patch_match.cc:56] depth_min: 3.50722
I20260717 00:30:46.713427 140032285294592 patch_match.cc:57] depth_max: 32.7044
I20260717 00:30:46.713431 140032285294592 patch_match.cc:58] window_radius: 5
I20260717 00:30:46.713433 140032285294592 patch_match.cc:59] window_step: 1
I20260717 00:30:46.713436 140032285294592 patch_match.cc:60] sigma_spatial: 5
I20260717 00:30:46.713439 140032285294592 patch_match.cc:61] sigma_color: 0.2
I20260717 00:30:46.713442 140032285294592 patch_match.cc:62] num_samples: 15
I20260717 00:30:46.713444 140032285294592 patch_match.cc:63] ncc_sigma: 0.6
I20260717 00:30:46.713447 140032285294592 patch_match.cc:64] min_triangulation_angle: 1
I20260717 00:30:46.713450 140032285294592 patch_match.cc:65] incident_angle_sigma: 0.9
I20260717 00:30:46.713453 140032285294592 patch_match.cc:66] num_iterations: 5
I20260717 00:30:46.713455 140032285294592 patch_match.cc:67] geom_consistency: 0
I20260717 00:30:46.713458 140032285294592 patch_match.cc:68] geom_consistency_regularizer: 0.3
I20260717 00:30:46.713461 140032285294592 patch_match.cc:69] geom_consistency_max_cost: 3
I20260717 00:30:46.713463 140032285294592 patch_match.cc:70] filter: 0
I20260717 00:30:46.713466 140032285294592 patch_match.cc:71] filter_min_ncc: 0.1
I20260717 00:30:46.713469 140032285294592 patch_match.cc:72] filter_min_triangulation_angle: 3
I20260717 00:30:46.713472 140032285294592 patch_match.cc:73] filter_min_num_consistent: 2
I20260717 00:30:46.713474 140032285294592 patch_match.cc:74] filter_geom_consistency_max_cost: 1
I20260717 00:30:46.713477 140032285294592 patch_match.cc:75] write_consistency_graph: 0
I20260717 00:30:46.713479 140032285294592 patch_match.cc:76] allow_missing_files: 0
I20260717 00:30:46.713482 140032285294592 misc.cc:51] 
PatchMatch::Run
---------------
I20260717 00:30:46.851892 140032285294592 cudacc.cc:51] Initialization: 0.1149s
I20260717 00:30:47.386192 140032285294592 cudacc.cc:51]  Sweep 1: 0.5341s
I20260717 00:30:47.770257 140032285294592 cudacc.cc:51]  Sweep 2: 0.3839s
I20260717 00:30:48.295064 140032285294592 cudacc.cc:51]  Sweep 3: 0.5247s
I20260717 00:30:48.683936 140032285294592 cudacc.cc:51]  Sweep 4: 0.3888s
I20260717 00:30:48.684103 140032285294592 cudacc.cc:51] Iteration 1: 1.8320s
I20260717 00:30:49.208720 140032285294592 cudacc.cc:51]  Sweep 1: 0.5245s
I20260717 00:30:49.589212 140032285294592 cudacc.cc:51]  Sweep 2: 0.3804s
I20260717 00:30:50.099707 140032285294592 cudacc.cc:51]  Sweep 3: 0.5104s
I20260717 00:30:50.472418 140032285294592 cudacc.cc:51]  Sweep 4: 0.3726s
I20260717 00:30:50.472508 140032285294592 cudacc.cc:51] Iteration 2: 1.7883s
I20260717 00:30:50.981279 140032285294592 cudacc.cc:51]  Sweep 1: 0.5087s
I20260717 00:30:51.350249 140032285294592 cudacc.cc:51]  Sweep 2: 0.3688s
I20260717 00:30:51.849355 140032285294592 cudacc.cc:51]  Sweep 3: 0.4990s
I20260717 00:30:52.210116 140032285294592 cudacc.cc:51]  Sweep 4: 0.3606s
I20260717 00:30:52.210202 140032285294592 cudacc.cc:51] Iteration 3: 1.7376s
I20260717 00:30:52.705767 140032285294592 cudacc.cc:51]  Sweep 1: 0.4955s
I20260717 00:30:53.063686 140032285294592 cudacc.cc:51]  Sweep 2: 0.3578s
I20260717 00:30:53.555689 140032285294592 cudacc.cc:51]  Sweep 3: 0.4919s
I20260717 00:30:53.905088 140032285294592 cudacc.cc:51]  Sweep 4: 0.3493s
I20260717 00:30:53.905174 140032285294592 cudacc.cc:51] Iteration 4: 1.6949s
I20260717 00:30:54.391207 140032285294592 cudacc.cc:51]  Sweep 1: 0.4860s
I20260717 00:30:54.740514 140032285294592 cudacc.cc:51]  Sweep 2: 0.3492s
I20260717 00:30:55.223460 140032285294592 cudacc.cc:51]  Sweep 3: 0.4828s
I20260717 00:30:55.565700 140032285294592 cudacc.cc:51]  Sweep 4: 0.3421s
I20260717 00:30:55.565796 140032285294592 cudacc.cc:51] Iteration 5: 1.6605s
I20260717 00:30:55.565847 140032285294592 cudacc.cc:51] Total: 8.8288s
I20260717 00:30:55.565872 140032285294592 patch_match.cc:533] 
Writing photometric output for frame_000085.jpg
I20260717 00:30:55.672863 140032285294592 misc.cc:44] 
==============================================================================
Processing view 14 / 205 for frame_000090.jpg
==============================================================================
I20260717 00:30:55.672926 140032285294592 patch_match.cc:490] Reading inputs...
I20260717 00:30:55.675275 140032285294592 misc.cc:51] 
PatchMatch::Problem
-------------------
I20260717 00:30:55.675334 140032285294592 patch_match.cc:82] ref_image_idx: 13
I20260717 00:30:55.675342 140032285294592 patch_match.cc:84] src_image_idxs: 
I20260717 00:30:55.675345 140032285294592 patch_match.cc:87] 87 
I20260717 00:30:55.675347 140032285294592 patch_match.cc:87] 19 
I20260717 00:30:55.675349 140032285294592 patch_match.cc:87] 90 
I20260717 00:30:55.675351 140032285294592 patch_match.cc:87] 17 
I20260717 00:30:55.675353 140032285294592 patch_match.cc:87] 6 
I20260717 00:30:55.675355 140032285294592 patch_match.cc:87] 93 
I20260717 00:30:55.675357 140032285294592 patch_match.cc:87] 88 
I20260717 00:30:55.675359 140032285294592 patch_match.cc:87] 25 
I20260717 00:30:55.675361 140032285294592 patch_match.cc:87] 14 
I20260717 00:30:55.675363 140032285294592 patch_match.cc:87] 92 
I20260717 00:30:55.675364 140032285294592 patch_match.cc:87] 15 
I20260717 00:30:55.675366 140032285294592 patch_match.cc:87] 12 
I20260717 00:30:55.675371 140032285294592 patch_match.cc:87] 41 
I20260717 00:30:55.675373 140032285294592 patch_match.cc:87] 9 
I20260717 00:30:55.675375 140032285294592 patch_match.cc:87] 8 
I20260717 00:30:55.675377 140032285294592 patch_match.cc:87] 16 
I20260717 00:30:55.675379 140032285294592 patch_match.cc:87] 10 
I20260717 00:30:55.675382 140032285294592 patch_match.cc:87] 91 
I20260717 00:30:55.675384 140032285294592 patch_match.cc:87] 11 
I20260717 00:30:55.675386 140032285294592 patch_match.cc:89] 20
I20260717 00:30:55.675390 140032285294592 misc.cc:51] 
PatchMatchOptions
-----------------
I20260717 00:30:55.675393 140032285294592 patch_match.cc:54] max_image_size: 1600
I20260717 00:30:55.675396 140032285294592 patch_match.cc:55] gpu_index: 0
I20260717 00:30:55.675398 140032285294592 patch_match.cc:56] depth_min: 3.48694
I20260717 00:30:55.675406 140032285294592 patch_match.cc:57] depth_max: 32.0004
I20260717 00:30:55.675410 140032285294592 patch_match.cc:58] window_radius: 5
I20260717 00:30:55.675424 140032285294592 patch_match.cc:59] window_step: 1
I20260717 00:30:55.675426 140032285294592 patch_match.cc:60] sigma_spatial: 5
I20260717 00:30:55.675429 140032285294592 patch_match.cc:61] sigma_color: 0.2
I20260717 00:30:55.675432 140032285294592 patch_match.cc:62] num_samples: 15
I20260717 00:30:55.675434 140032285294592 patch_match.cc:63] ncc_sigma: 0.6
I20260717 00:30:55.675438 140032285294592 patch_match.cc:64] min_triangulation_angle: 1
I20260717 00:30:55.675440 140032285294592 patch_match.cc:65] incident_angle_sigma: 0.9
I20260717 00:30:55.675443 140032285294592 patch_match.cc:66] num_iterations: 5
I20260717 00:30:55.675446 140032285294592 patch_match.cc:67] geom_consistency: 0
I20260717 00:30:55.675448 140032285294592 patch_match.cc:68] geom_consistency_regularizer: 0.3
I20260717 00:30:55.675451 140032285294592 patch_match.cc:69] geom_consistency_max_cost: 3
I20260717 00:30:55.675454 140032285294592 patch_match.cc:70] filter: 0
I20260717 00:30:55.675456 140032285294592 patch_match.cc:71] filter_min_ncc: 0.1
I20260717 00:30:55.675459 140032285294592 patch_match.cc:72] filter_min_triangulation_angle: 3
I20260717 00:30:55.675462 140032285294592 patch_match.cc:73] filter_min_num_consistent: 2
I20260717 00:30:55.675464 140032285294592 patch_match.cc:74] filter_geom_consistency_max_cost: 1
I20260717 00:30:55.675467 140032285294592 patch_match.cc:75] write_consistency_graph: 0
I20260717 00:30:55.675469 140032285294592 patch_match.cc:76] allow_missing_files: 0
I20260717 00:30:55.675473 140032285294592 misc.cc:51] 
PatchMatch::Run
---------------
I20260717 00:30:55.814226 140032285294592 cudacc.cc:51] Initialization: 0.1150s
I20260717 00:30:56.347242 140032285294592 cudacc.cc:51]  Sweep 1: 0.5328s
I20260717 00:30:56.729658 140032285294592 cudacc.cc:51]  Sweep 2: 0.3823s
I20260717 00:30:57.248745 140032285294592 cudacc.cc:51]  Sweep 3: 0.5190s
I20260717 00:30:57.634315 140032285294592 cudacc.cc:51]  Sweep 4: 0.3854s
I20260717 00:30:57.634404 140032285294592 cudacc.cc:51] Iteration 1: 1.8200s
I20260717 00:30:58.155590 140032285294592 cudacc.cc:51]  Sweep 1: 0.5211s
I20260717 00:30:58.535539 140032285294592 cudacc.cc:51]  Sweep 2: 0.3798s
I20260717 00:30:59.045265 140032285294592 cudacc.cc:51]  Sweep 3: 0.5096s
I20260717 00:30:59.417443 140032285294592 cudacc.cc:51]  Sweep 4: 0.3721s
I20260717 00:30:59.417531 140032285294592 cudacc.cc:51] Iteration 2: 1.7830s
I20260717 00:30:59.922500 140032285294592 cudacc.cc:51]  Sweep 1: 0.5049s
I20260717 00:31:00.289480 140032285294592 cudacc.cc:51]  Sweep 2: 0.3669s
I20260717 00:31:00.787924 140032285294592 cudacc.cc:51]  Sweep 3: 0.4983s
I20260717 00:31:01.146667 140032285294592 cudacc.cc:51]  Sweep 4: 0.3586s
I20260717 00:31:01.146773 140032285294592 cudacc.cc:51] Iteration 3: 1.7291s
I20260717 00:31:01.640140 140032285294592 cudacc.cc:51]  Sweep 1: 0.4933s
I20260717 00:31:01.995314 140032285294592 cudacc.cc:51]  Sweep 2: 0.3551s
I20260717 00:31:02.484735 140032285294592 cudacc.cc:51]  Sweep 3: 0.4893s
I20260717 00:31:02.832862 140032285294592 cudacc.cc:51]  Sweep 4: 0.3480s
I20260717 00:31:02.832958 140032285294592 cudacc.cc:51] Iteration 4: 1.6861s
I20260717 00:31:03.316275 140032285294592 cudacc.cc:51]  Sweep 1: 0.4832s
I20260717 00:31:03.664712 140032285294592 cudacc.cc:51]  Sweep 2: 0.3483s
I20260717 00:31:04.146436 140032285294592 cudacc.cc:51]  Sweep 3: 0.4816s
I20260717 00:31:04.490304 140032285294592 cudacc.cc:51]  Sweep 4: 0.3438s
I20260717 00:31:04.490404 140032285294592 cudacc.cc:51] Iteration 5: 1.6574s
I20260717 00:31:04.490458 140032285294592 cudacc.cc:51] Total: 8.7912s
I20260717 00:31:04.490468 140032285294592 patch_match.cc:533] 
Writing photometric output for frame_000090.jpg
I20260717 00:31:04.589678 140032285294592 misc.cc:44] 
==============================================================================
Processing view 15 / 205 for frame_000095.jpg
==============================================================================
I20260717 00:31:04.589756 140032285294592 patch_match.cc:490] Reading inputs...
I20260717 00:31:04.592129 140032285294592 misc.cc:51] 
PatchMatch::Problem
-------------------
I20260717 00:31:04.592185 140032285294592 patch_match.cc:82] ref_image_idx: 14
I20260717 00:31:04.592192 140032285294592 patch_match.cc:84] src_image_idxs: 
I20260717 00:31:04.592194 140032285294592 patch_match.cc:87] 90 
I20260717 00:31:04.592196 140032285294592 patch_match.cc:87] 18 
I20260717 00:31:04.592198 140032285294592 patch_match.cc:87] 6 
I20260717 00:31:04.592200 140032285294592 patch_match.cc:87] 93 
I20260717 00:31:04.592202 140032285294592 patch_match.cc:87] 19 
I20260717 00:31:04.592205 140032285294592 patch_match.cc:87] 92 
I20260717 00:31:04.592207 140032285294592 patch_match.cc:87] 88 
I20260717 00:31:04.592208 140032285294592 patch_match.cc:87] 13 
I20260717 00:31:04.592210 140032285294592 patch_match.cc:87] 91 
I20260717 00:31:04.592212 140032285294592 patch_match.cc:87] 25 
I20260717 00:31:04.592214 140032285294592 patch_match.cc:87] 15 
I20260717 00:31:04.592215 140032285294592 patch_match.cc:87] 12 
I20260717 00:31:04.592217 140032285294592 patch_match.cc:87] 41 
I20260717 00:31:04.592219 140032285294592 patch_match.cc:87] 16 
I20260717 00:31:04.592221 140032285294592 patch_match.cc:87] 9 
I20260717 00:31:04.592223 140032285294592 patch_match.cc:87] 8 
I20260717 00:31:04.592224 140032285294592 patch_match.cc:87] 10 
I20260717 00:31:04.592237 140032285294592 patch_match.cc:87] 17 
I20260717 00:31:04.592240 140032285294592 patch_match.cc:87] 11 
I20260717 00:31:04.592242 140032285294592 patch_match.cc:89] 20
I20260717 00:31:04.592246 140032285294592 misc.cc:51] 
PatchMatchOptions
-----------------
I20260717 00:31:04.592248 140032285294592 patch_match.cc:54] max_image_size: 1600
I20260717 00:31:04.592250 140032285294592 patch_match.cc:55] gpu_index: 0
I20260717 00:31:04.592252 140032285294592 patch_match.cc:56] depth_min: 3.4645
I20260717 00:31:04.592262 140032285294592 patch_match.cc:57] depth_max: 30.9639
I20260717 00:31:04.592266 140032285294592 patch_match.cc:58] window_radius: 5
I20260717 00:31:04.592269 140032285294592 patch_match.cc:59] window_step: 1
I20260717 00:31:04.592270 140032285294592 patch_match.cc:60] sigma_spatial: 5
I20260717 00:31:04.592273 140032285294592 patch_match.cc:61] sigma_color: 0.2
I20260717 00:31:04.592276 140032285294592 patch_match.cc:62] num_samples: 15
I20260717 00:31:04.592278 140032285294592 patch_match.cc:63] ncc_sigma: 0.6
I20260717 00:31:04.592281 140032285294592 patch_match.cc:64] min_triangulation_angle: 1
I20260717 00:31:04.592284 140032285294592 patch_match.cc:65] incident_angle_sigma: 0.9
I20260717 00:31:04.592286 140032285294592 patch_match.cc:66] num_iterations: 5
I20260717 00:31:04.592289 140032285294592 patch_match.cc:67] geom_consistency: 0
I20260717 00:31:04.592291 140032285294592 patch_match.cc:68] geom_consistency_regularizer: 0.3
I20260717 00:31:04.592294 140032285294592 patch_match.cc:69] geom_consistency_max_cost: 3
I20260717 00:31:04.592296 140032285294592 patch_match.cc:70] filter: 0
I20260717 00:31:04.592299 140032285294592 patch_match.cc:71] filter_min_ncc: 0.1
I20260717 00:31:04.592301 140032285294592 patch_match.cc:72] filter_min_triangulation_angle: 3
I20260717 00:31:04.592304 140032285294592 patch_match.cc:73] filter_min_num_consistent: 2
I20260717 00:31:04.592306 140032285294592 patch_match.cc:74] filter_geom_consistency_max_cost: 1
I20260717 00:31:04.592309 140032285294592 patch_match.cc:75] write_consistency_graph: 0
I20260717 00:31:04.592311 140032285294592 patch_match.cc:76] allow_missing_files: 0
I20260717 00:31:04.592315 140032285294592 misc.cc:51] 
PatchMatch::Run
---------------
I20260717 00:31:04.730318 140032285294592 cudacc.cc:51] Initialization: 0.1125s
I20260717 00:31:05.261326 140032285294592 cudacc.cc:51]  Sweep 1: 0.5308s
I20260717 00:31:05.642913 140032285294592 cudacc.cc:51]  Sweep 2: 0.3815s
I20260717 00:31:06.159921 140032285294592 cudacc.cc:51]  Sweep 3: 0.5169s
I20260717 00:31:06.548860 140032285294592 cudacc.cc:51]  Sweep 4: 0.3888s
I20260717 00:31:06.549014 140032285294592 cudacc.cc:51] Iteration 1: 1.8185s
I20260717 00:31:07.064074 140032285294592 cudacc.cc:51]  Sweep 1: 0.5149s
I20260717 00:31:07.445543 140032285294592 cudacc.cc:51]  Sweep 2: 0.3814s
I20260717 00:31:07.952287 140032285294592 cudacc.cc:51]  Sweep 3: 0.5066s
I20260717 00:31:08.325313 140032285294592 cudacc.cc:51]  Sweep 4: 0.3729s
I20260717 00:31:08.325406 140032285294592 cudacc.cc:51] Iteration 2: 1.7763s
I20260717 00:31:08.826326 140032285294592 cudacc.cc:51]  Sweep 1: 0.5008s
I20260717 00:31:09.195035 140032285294592 cudacc.cc:51]  Sweep 2: 0.3686s
I20260717 00:31:09.689886 140032285294592 cudacc.cc:51]  Sweep 3: 0.4947s
I20260717 00:31:10.050318 140032285294592 cudacc.cc:51]  Sweep 4: 0.3603s
I20260717 00:31:10.050416 140032285294592 cudacc.cc:51] Iteration 3: 1.7249s
I20260717 00:31:10.543503 140032285294592 cudacc.cc:51]  Sweep 1: 0.4930s
I20260717 00:31:10.900336 140032285294592 cudacc.cc:51]  Sweep 2: 0.3567s
I20260717 00:31:11.388402 140032285294592 cudacc.cc:51]  Sweep 3: 0.4880s
I20260717 00:31:11.740283 140032285294592 cudacc.cc:51]  Sweep 4: 0.3518s
I20260717 00:31:11.740375 140032285294592 cudacc.cc:51] Iteration 4: 1.6899s
I20260717 00:31:12.225894 140032285294592 cudacc.cc:51]  Sweep 1: 0.4854s
I20260717 00:31:12.576011 140032285294592 cudacc.cc:51]  Sweep 2: 0.3500s
I20260717 00:31:13.057480 140032285294592 cudacc.cc:51]  Sweep 3: 0.4813s
I20260717 00:31:13.401727 140032285294592 cudacc.cc:51]  Sweep 4: 0.3441s
I20260717 00:31:13.401833 140032285294592 cudacc.cc:51] Iteration 5: 1.6614s
I20260717 00:31:13.401942 140032285294592 cudacc.cc:51] Total: 8.7841s
I20260717 00:31:13.401970 140032285294592 patch_match.cc:533] 
Writing photometric output for frame_000095.jpg
I20260717 00:31:13.506665 140032285294592 misc.cc:44] 
==============================================================================
Processing view 16 / 205 for frame_000100.jpg
==============================================================================
I20260717 00:31:13.506731 140032285294592 patch_match.cc:490] Reading inputs...
I20260717 00:31:13.509216 140032285294592 misc.cc:51] 
PatchMatch::Problem
-------------------
I20260717 00:31:13.509267 140032285294592 patch_match.cc:82] ref_image_idx: 15
I20260717 00:31:13.509274 140032285294592 patch_match.cc:84] src_image_idxs: 
I20260717 00:31:13.509276 140032285294592 patch_match.cc:87] 4 
I20260717 00:31:13.509279 140032285294592 patch_match.cc:87] 90 
I20260717 00:31:13.509281 140032285294592 patch_match.cc:87] 25 
I20260717 00:31:13.509283 140032285294592 patch_match.cc:87] 8 
I20260717 00:31:13.509285 140032285294592 patch_match.cc:87] 18 
I20260717 00:31:13.509287 140032285294592 patch_match.cc:87] 14 
I20260717 00:31:13.509289 140032285294592 patch_match.cc:87] 5 
I20260717 00:31:13.509291 140032285294592 patch_match.cc:87] 92 
I20260717 00:31:13.509293 140032285294592 patch_match.cc:87] 16 
I20260717 00:31:13.509295 140032285294592 patch_match.cc:87] 13 
I20260717 00:31:13.509297 140032285294592 patch_match.cc:87] 17 
I20260717 00:31:13.509298 140032285294592 patch_match.cc:87] 11 
I20260717 00:31:13.509300 140032285294592 patch_match.cc:87] 6 
I20260717 00:31:13.509302 140032285294592 patch_match.cc:87] 93 
I20260717 00:31:13.509304 140032285294592 patch_match.cc:87] 12 
I20260717 00:31:13.509306 140032285294592 patch_match.cc:87] 41 
I20260717 00:31:13.509308 140032285294592 patch_match.cc:87] 10 
I20260717 00:31:13.509310 140032285294592 patch_match.cc:87] 22 
I20260717 00:31:13.509312 140032285294592 patch_match.cc:87] 9 
I20260717 00:31:13.509314 140032285294592 patch_match.cc:89] 21
I20260717 00:31:13.509317 140032285294592 misc.cc:51] 
PatchMatchOptions
-----------------
I20260717 00:31:13.509320 140032285294592 patch_match.cc:54] max_image_size: 1600
I20260717 00:31:13.509324 140032285294592 patch_match.cc:55] gpu_index: 0
I20260717 00:31:13.509326 140032285294592 patch_match.cc:56] depth_min: 3.48725
I20260717 00:31:13.509336 140032285294592 patch_match.cc:57] depth_max: 25.0265
I20260717 00:31:13.509341 140032285294592 patch_match.cc:58] window_radius: 5
I20260717 00:31:13.509343 140032285294592 patch_match.cc:59] window_step: 1
I20260717 00:31:13.509359 140032285294592 patch_match.cc:60] sigma_spatial: 5
I20260717 00:31:13.509362 140032285294592 patch_match.cc:61] sigma_color: 0.2
I20260717 00:31:13.509365 140032285294592 patch_match.cc:62] num_samples: 15
I20260717 00:31:13.509367 140032285294592 patch_match.cc:63] ncc_sigma: 0.6
I20260717 00:31:13.509370 140032285294592 patch_match.cc:64] min_triangulation_angle: 1
I20260717 00:31:13.509373 140032285294592 patch_match.cc:65] incident_angle_sigma: 0.9
I20260717 00:31:13.509376 140032285294592 patch_match.cc:66] num_iterations: 5
I20260717 00:31:13.509378 140032285294592 patch_match.cc:67] geom_consistency: 0
I20260717 00:31:13.509381 140032285294592 patch_match.cc:68] geom_consistency_regularizer: 0.3
I20260717 00:31:13.509384 140032285294592 patch_match.cc:69] geom_consistency_max_cost: 3
I20260717 00:31:13.509387 140032285294592 patch_match.cc:70] filter: 0
I20260717 00:31:13.509390 140032285294592 patch_match.cc:71] filter_min_ncc: 0.1
I20260717 00:31:13.509392 140032285294592 patch_match.cc:72] filter_min_triangulation_angle: 3
I20260717 00:31:13.509395 140032285294592 patch_match.cc:73] filter_min_num_consistent: 2
I20260717 00:31:13.509398 140032285294592 patch_match.cc:74] filter_geom_consistency_max_cost: 1
I20260717 00:31:13.509401 140032285294592 patch_match.cc:75] write_consistency_graph: 0
I20260717 00:31:13.509403 140032285294592 patch_match.cc:76] allow_missing_files: 0
I20260717 00:31:13.509407 140032285294592 misc.cc:51] 
PatchMatch::Run
---------------
I20260717 00:31:13.648182 140032285294592 cudacc.cc:51] Initialization: 0.1128s
I20260717 00:31:14.172722 140032285294592 cudacc.cc:51]  Sweep 1: 0.5244s
I20260717 00:31:14.551308 140032285294592 cudacc.cc:51]  Sweep 2: 0.3785s
I20260717 00:31:15.063216 140032285294592 cudacc.cc:51]  Sweep 3: 0.5118s
I20260717 00:31:15.450512 140032285294592 cudacc.cc:51]  Sweep 4: 0.3872s
I20260717 00:31:15.450622 140032285294592 cudacc.cc:51] Iteration 1: 1.8023s
I20260717 00:31:15.968770 140032285294592 cudacc.cc:51]  Sweep 1: 0.5181s
I20260717 00:31:16.350989 140032285294592 cudacc.cc:51]  Sweep 2: 0.3821s
I20260717 00:31:16.851617 140032285294592 cudacc.cc:51]  Sweep 3: 0.5005s
I20260717 00:31:17.224901 140032285294592 cudacc.cc:51]  Sweep 4: 0.3731s
I20260717 00:31:17.225031 140032285294592 cudacc.cc:51] Iteration 2: 1.7743s
I20260717 00:31:17.725502 140032285294592 cudacc.cc:51]  Sweep 1: 0.5004s
I20260717 00:31:18.095148 140032285294592 cudacc.cc:51]  Sweep 2: 0.3695s
I20260717 00:31:18.587601 140032285294592 cudacc.cc:51]  Sweep 3: 0.4923s
I20260717 00:31:18.949341 140032285294592 cudacc.cc:51]  Sweep 4: 0.3616s
I20260717 00:31:18.949430 140032285294592 cudacc.cc:51] Iteration 3: 1.7243s
I20260717 00:31:19.442880 140032285294592 cudacc.cc:51]  Sweep 1: 0.4934s
I20260717 00:31:19.802277 140032285294592 cudacc.cc:51]  Sweep 2: 0.3593s
I20260717 00:31:20.288492 140032285294592 cudacc.cc:51]  Sweep 3: 0.4861s
I20260717 00:31:20.639978 140032285294592 cudacc.cc:51]  Sweep 4: 0.3514s
I20260717 00:31:20.640067 140032285294592 cudacc.cc:51] Iteration 4: 1.6906s
I20260717 00:31:21.122436 140032285294592 cudacc.cc:51]  Sweep 1: 0.4823s
I20260717 00:31:21.477312 140032285294592 cudacc.cc:51]  Sweep 2: 0.3548s
I20260717 00:31:21.965908 140032285294592 cudacc.cc:51]  Sweep 3: 0.4885s
I20260717 00:31:22.309706 140032285294592 cudacc.cc:51]  Sweep 4: 0.3437s
I20260717 00:31:22.309812 140032285294592 cudacc.cc:51] Iteration 5: 1.6697s
I20260717 00:31:22.309869 140032285294592 cudacc.cc:51] Total: 8.7744s
I20260717 00:31:22.309893 140032285294592 patch_match.cc:533] 
Writing photometric output for frame_000100.jpg
I20260717 00:31:22.423409 140032285294592 misc.cc:44] 
==============================================================================
Processing view 17 / 205 for frame_000105.jpg
==============================================================================
I20260717 00:31:22.423479 140032285294592 patch_match.cc:490] Reading inputs...
I20260717 00:31:22.426399 140032285294592 misc.cc:51] 
PatchMatch::Problem
-------------------
I20260717 00:31:22.426467 140032285294592 patch_match.cc:82] ref_image_idx: 16
I20260717 00:31:22.426474 140032285294592 patch_match.cc:84] src_image_idxs: 
I20260717 00:31:22.426477 140032285294592 patch_match.cc:87] 24 
I20260717 00:31:22.426479 140032285294592 patch_match.cc:87] 8 
I20260717 00:31:22.426481 140032285294592 patch_match.cc:87] 23 
I20260717 00:31:22.426483 140032285294592 patch_match.cc:87] 19 
I20260717 00:31:22.426485 140032285294592 patch_match.cc:87] 9 
I20260717 00:31:22.426487 140032285294592 patch_match.cc:87] 20 
I20260717 00:31:22.426489 140032285294592 patch_match.cc:87] 17 
I20260717 00:31:22.426491 140032285294592 patch_match.cc:87] 15 
I20260717 00:31:22.426493 140032285294592 patch_match.cc:87] 6 
I20260717 00:31:22.426495 140032285294592 patch_match.cc:87] 93 
I20260717 00:31:22.426497 140032285294592 patch_match.cc:87] 18 
I20260717 00:31:22.426499 140032285294592 patch_match.cc:87] 14 
I20260717 00:31:22.426501 140032285294592 patch_match.cc:87] 92 
I20260717 00:31:22.426503 140032285294592 patch_match.cc:87] 13 
I20260717 00:31:22.426505 140032285294592 patch_match.cc:87] 41 
I20260717 00:31:22.426507 140032285294592 patch_match.cc:87] 12 
I20260717 00:31:22.426509 140032285294592 patch_match.cc:87] 21 
I20260717 00:31:22.426511 140032285294592 patch_match.cc:87] 10 
I20260717 00:31:22.426512 140032285294592 patch_match.cc:87] 11 
I20260717 00:31:22.426514 140032285294592 patch_match.cc:89] 22
I20260717 00:31:22.426518 140032285294592 misc.cc:51] 
PatchMatchOptions
-----------------
I20260717 00:31:22.426523 140032285294592 patch_match.cc:54] max_image_size: 1600
I20260717 00:31:22.426526 140032285294592 patch_match.cc:55] gpu_index: 0
I20260717 00:31:22.426528 140032285294592 patch_match.cc:56] depth_min: 3.23897
I20260717 00:31:22.426538 140032285294592 patch_match.cc:57] depth_max: 24.2684
I20260717 00:31:22.426542 140032285294592 patch_match.cc:58] window_radius: 5
I20260717 00:31:22.426544 140032285294592 patch_match.cc:59] window_step: 1
I20260717 00:31:22.426546 140032285294592 patch_match.cc:60] sigma_spatial: 5
I20260717 00:31:22.426548 140032285294592 patch_match.cc:61] sigma_color: 0.2
I20260717 00:31:22.426551 140032285294592 patch_match.cc:62] num_samples: 15
I20260717 00:31:22.426553 140032285294592 patch_match.cc:63] ncc_sigma: 0.6
I20260717 00:31:22.426556 140032285294592 patch_match.cc:64] min_triangulation_angle: 1
I20260717 00:31:22.426558 140032285294592 patch_match.cc:65] incident_angle_sigma: 0.9
I20260717 00:31:22.426561 140032285294592 patch_match.cc:66] num_iterations: 5
I20260717 00:31:22.426563 140032285294592 patch_match.cc:67] geom_consistency: 0
I20260717 00:31:22.426565 140032285294592 patch_match.cc:68] geom_consistency_regularizer: 0.3
I20260717 00:31:22.426567 140032285294592 patch_match.cc:69] geom_consistency_max_cost: 3
I20260717 00:31:22.426571 140032285294592 patch_match.cc:70] filter: 0
I20260717 00:31:22.426573 140032285294592 patch_match.cc:71] filter_min_ncc: 0.1
I20260717 00:31:22.426576 140032285294592 patch_match.cc:72] filter_min_triangulation_angle: 3
I20260717 00:31:22.426579 140032285294592 patch_match.cc:73] filter_min_num_consistent: 2
I20260717 00:31:22.426581 140032285294592 patch_match.cc:74] filter_geom_consistency_max_cost: 1
I20260717 00:31:22.426584 140032285294592 patch_match.cc:75] write_consistency_graph: 0
I20260717 00:31:22.426586 140032285294592 patch_match.cc:76] allow_missing_files: 0
I20260717 00:31:22.426590 140032285294592 misc.cc:51] 
PatchMatch::Run
---------------
I20260717 00:31:22.563635 140032285294592 cudacc.cc:51] Initialization: 0.1106s
I20260717 00:31:23.095371 140032285294592 cudacc.cc:51]  Sweep 1: 0.5316s
I20260717 00:31:23.482357 140032285294592 cudacc.cc:51]  Sweep 2: 0.3869s
I20260717 00:31:23.995881 140032285294592 cudacc.cc:51]  Sweep 3: 0.5134s
I20260717 00:31:24.386725 140032285294592 cudacc.cc:51]  Sweep 4: 0.3907s
I20260717 00:31:24.386819 140032285294592 cudacc.cc:51] Iteration 1: 1.8230s
I20260717 00:31:24.903238 140032285294592 cudacc.cc:51]  Sweep 1: 0.5163s
I20260717 00:31:25.287953 140032285294592 cudacc.cc:51]  Sweep 2: 0.3846s
I20260717 00:31:25.792252 140032285294592 cudacc.cc:51]  Sweep 3: 0.5042s
I20260717 00:31:26.171110 140032285294592 cudacc.cc:51]  Sweep 4: 0.3787s
I20260717 00:31:26.171205 140032285294592 cudacc.cc:51] Iteration 2: 1.7843s
I20260717 00:31:26.672447 140032285294592 cudacc.cc:51]  Sweep 1: 0.5012s
I20260717 00:31:27.044444 140032285294592 cudacc.cc:51]  Sweep 2: 0.3719s
I20260717 00:31:27.544115 140032285294592 cudacc.cc:51]  Sweep 3: 0.4995s
I20260717 00:31:27.910058 140032285294592 cudacc.cc:51]  Sweep 4: 0.3658s
I20260717 00:31:27.910154 140032285294592 cudacc.cc:51] Iteration 3: 1.7389s
I20260717 00:31:28.399508 140032285294592 cudacc.cc:51]  Sweep 1: 0.4893s
I20260717 00:31:28.763090 140032285294592 cudacc.cc:51]  Sweep 2: 0.3634s
I20260717 00:31:29.255302 140032285294592 cudacc.cc:51]  Sweep 3: 0.4921s
I20260717 00:31:29.612125 140032285294592 cudacc.cc:51]  Sweep 4: 0.3567s
I20260717 00:31:29.612222 140032285294592 cudacc.cc:51] Iteration 4: 1.7020s
I20260717 00:31:30.093114 140032285294592 cudacc.cc:51]  Sweep 1: 0.4808s
I20260717 00:31:30.447782 140032285294592 cudacc.cc:51]  Sweep 2: 0.3545s
I20260717 00:31:30.942765 140032285294592 cudacc.cc:51]  Sweep 3: 0.4948s
I20260717 00:31:31.292636 140032285294592 cudacc.cc:51]  Sweep 4: 0.3497s
I20260717 00:31:31.292730 140032285294592 cudacc.cc:51] Iteration 5: 1.6804s
I20260717 00:31:31.292782 140032285294592 cudacc.cc:51] Total: 8.8397s
I20260717 00:31:31.292807 140032285294592 patch_match.cc:533] 
Writing photometric output for frame_000105.jpg
I20260717 00:31:31.397769 140032285294592 misc.cc:44] 
==============================================================================
Processing view 18 / 205 for frame_000110.jpg
==============================================================================
I20260717 00:31:31.397844 140032285294592 patch_match.cc:490] Reading inputs...
I20260717 00:31:31.401030 140032285294592 misc.cc:51] 
PatchMatch::Problem
-------------------
I20260717 00:31:31.401076 140032285294592 patch_match.cc:82] ref_image_idx: 17
I20260717 00:31:31.401083 140032285294592 patch_match.cc:84] src_image_idxs: 
I20260717 00:31:31.401085 140032285294592 patch_match.cc:87] 7 
I20260717 00:31:31.401087 140032285294592 patch_match.cc:87] 19 
I20260717 00:31:31.401090 140032285294592 patch_match.cc:87] 20 
I20260717 00:31:31.401091 140032285294592 patch_match.cc:87] 24 
I20260717 00:31:31.401093 140032285294592 patch_match.cc:87] 5 
I20260717 00:31:31.401095 140032285294592 patch_match.cc:87] 92 
I20260717 00:31:31.401097 140032285294592 patch_match.cc:87] 16 
I20260717 00:31:31.401099 140032285294592 patch_match.cc:87] 18 
I20260717 00:31:31.401100 140032285294592 patch_match.cc:87] 15 
I20260717 00:31:31.401102 140032285294592 patch_match.cc:87] 6 
I20260717 00:31:31.401104 140032285294592 patch_match.cc:87] 93 
I20260717 00:31:31.401106 140032285294592 patch_match.cc:87] 21 
I20260717 00:31:31.401107 140032285294592 patch_match.cc:87] 14 
I20260717 00:31:31.401109 140032285294592 patch_match.cc:87] 13 
I20260717 00:31:31.401111 140032285294592 patch_match.cc:87] 22 
I20260717 00:31:31.401113 140032285294592 patch_match.cc:87] 10 
I20260717 00:31:31.401115 140032285294592 patch_match.cc:87] 23 
I20260717 00:31:31.401116 140032285294592 patch_match.cc:87] 41 
I20260717 00:31:31.401120 140032285294592 patch_match.cc:87] 12 
I20260717 00:31:31.401122 140032285294592 patch_match.cc:89] 11
I20260717 00:31:31.401126 140032285294592 misc.cc:51] 
PatchMatchOptions
-----------------
I20260717 00:31:31.401129 140032285294592 patch_match.cc:54] max_image_size: 1600
I20260717 00:31:31.401131 140032285294592 patch_match.cc:55] gpu_index: 0
I20260717 00:31:31.401134 140032285294592 patch_match.cc:56] depth_min: 3.38183
I20260717 00:31:31.401141 140032285294592 patch_match.cc:57] depth_max: 21.4941
I20260717 00:31:31.401145 140032285294592 patch_match.cc:58] window_radius: 5
I20260717 00:31:31.401148 140032285294592 patch_match.cc:59] window_step: 1
I20260717 00:31:31.401150 140032285294592 patch_match.cc:60] sigma_spatial: 5
I20260717 00:31:31.401162 140032285294592 patch_match.cc:61] sigma_color: 0.2
I20260717 00:31:31.401166 140032285294592 patch_match.cc:62] num_samples: 15
I20260717 00:31:31.401168 140032285294592 patch_match.cc:63] ncc_sigma: 0.6
I20260717 00:31:31.401170 140032285294592 patch_match.cc:64] min_triangulation_angle: 1
I20260717 00:31:31.401173 140032285294592 patch_match.cc:65] incident_angle_sigma: 0.9
I20260717 00:31:31.401196 140032285294592 patch_match.cc:66] num_iterations: 5
I20260717 00:31:31.401198 140032285294592 patch_match.cc:67] geom_consistency: 0
I20260717 00:31:31.401201 140032285294592 patch_match.cc:68] geom_consistency_regularizer: 0.3
I20260717 00:31:31.401203 140032285294592 patch_match.cc:69] geom_consistency_max_cost: 3
I20260717 00:31:31.401206 140032285294592 patch_match.cc:70] filter: 0
I20260717 00:31:31.401208 140032285294592 patch_match.cc:71] filter_min_ncc: 0.1
I20260717 00:31:31.401211 140032285294592 patch_match.cc:72] filter_min_triangulation_angle: 3
I20260717 00:31:31.401213 140032285294592 patch_match.cc:73] filter_min_num_consistent: 2
I20260717 00:31:31.401215 140032285294592 patch_match.cc:74] filter_geom_consistency_max_cost: 1
I20260717 00:31:31.401219 140032285294592 patch_match.cc:75] write_consistency_graph: 0
I20260717 00:31:31.401221 140032285294592 patch_match.cc:76] allow_missing_files: 0
I20260717 00:31:31.401224 140032285294592 misc.cc:51] 
PatchMatch::Run
---------------
I20260717 00:31:31.536531 140032285294592 cudacc.cc:51] Initialization: 0.1102s
I20260717 00:31:32.077353 140032285294592 cudacc.cc:51]  Sweep 1: 0.5407s
I20260717 00:31:32.465938 140032285294592 cudacc.cc:51]  Sweep 2: 0.3885s
I20260717 00:31:32.979441 140032285294592 cudacc.cc:51]  Sweep 3: 0.5134s
I20260717 00:31:33.373919 140032285294592 cudacc.cc:51]  Sweep 4: 0.3944s
I20260717 00:31:33.374017 140032285294592 cudacc.cc:51] Iteration 1: 1.8373s
I20260717 00:31:33.897740 140032285294592 cudacc.cc:51]  Sweep 1: 0.5236s
I20260717 00:31:34.287088 140032285294592 cudacc.cc:51]  Sweep 2: 0.3891s
I20260717 00:31:34.796641 140032285294592 cudacc.cc:51]  Sweep 3: 0.5094s
I20260717 00:31:35.178418 140032285294592 cudacc.cc:51]  Sweep 4: 0.3817s
I20260717 00:31:35.178514 140032285294592 cudacc.cc:51] Iteration 2: 1.8044s
I20260717 00:31:35.683880 140032285294592 cudacc.cc:51]  Sweep 1: 0.5053s
I20260717 00:31:36.060957 140032285294592 cudacc.cc:51]  Sweep 2: 0.3770s
I20260717 00:31:36.565517 140032285294592 cudacc.cc:51]  Sweep 3: 0.5044s
I20260717 00:31:36.937897 140032285294592 cudacc.cc:51]  Sweep 4: 0.3723s
I20260717 00:31:36.937987 140032285294592 cudacc.cc:51] Iteration 3: 1.7594s
I20260717 00:31:37.431660 140032285294592 cudacc.cc:51]  Sweep 1: 0.4936s
I20260717 00:31:37.798341 140032285294592 cudacc.cc:51]  Sweep 2: 0.3666s
I20260717 00:31:38.300548 140032285294592 cudacc.cc:51]  Sweep 3: 0.5021s
I20260717 00:31:38.663481 140032285294592 cudacc.cc:51]  Sweep 4: 0.3628s
I20260717 00:31:38.663570 140032285294592 cudacc.cc:51] Iteration 4: 1.7255s
I20260717 00:31:39.149643 140032285294592 cudacc.cc:51]  Sweep 1: 0.4860s
I20260717 00:31:39.508355 140032285294592 cudacc.cc:51]  Sweep 2: 0.3586s
I20260717 00:31:40.010761 140032285294592 cudacc.cc:51]  Sweep 3: 0.5023s
I20260717 00:31:40.367073 140032285294592 cudacc.cc:51]  Sweep 4: 0.3562s
I20260717 00:31:40.367191 140032285294592 cudacc.cc:51] Iteration 5: 1.7035s
I20260717 00:31:40.367241 140032285294592 cudacc.cc:51] Total: 8.9409s
I20260717 00:31:40.367266 140032285294592 patch_match.cc:533] 
Writing photometric output for frame_000110.jpg
I20260717 00:31:40.467058 140032285294592 misc.cc:44] 
==============================================================================
Processing view 19 / 205 for frame_000115.jpg
==============================================================================
I20260717 00:31:40.467148 140032285294592 patch_match.cc:490] Reading inputs...
I20260717 00:31:40.469621 140032285294592 misc.cc:51] 
PatchMatch::Problem
-------------------
I20260717 00:31:40.469666 140032285294592 patch_match.cc:82] ref_image_idx: 18
I20260717 00:31:40.469682 140032285294592 patch_match.cc:84] src_image_idxs: 
I20260717 00:31:40.469685 140032285294592 patch_match.cc:87] 9 
I20260717 00:31:40.469687 140032285294592 patch_match.cc:87] 26 
I20260717 00:31:40.469689 140032285294592 patch_match.cc:87] 92 
I20260717 00:31:40.469691 140032285294592 patch_match.cc:87] 11 
I20260717 00:31:40.469692 140032285294592 patch_match.cc:87] 10 
I20260717 00:31:40.469694 140032285294592 patch_match.cc:87] 7 
I20260717 00:31:40.469696 140032285294592 patch_match.cc:87] 17 
I20260717 00:31:40.469698 140032285294592 patch_match.cc:87] 16 
I20260717 00:31:40.469700 140032285294592 patch_match.cc:87] 21 
I20260717 00:31:40.469701 140032285294592 patch_match.cc:87] 15 
I20260717 00:31:40.469703 140032285294592 patch_match.cc:87] 12 
I20260717 00:31:40.469705 140032285294592 patch_match.cc:87] 41 
I20260717 00:31:40.469707 140032285294592 patch_match.cc:87] 93 
I20260717 00:31:40.469708 140032285294592 patch_match.cc:87] 22 
I20260717 00:31:40.469710 140032285294592 patch_match.cc:87] 23 
I20260717 00:31:40.469712 140032285294592 patch_match.cc:87] 20 
I20260717 00:31:40.469716 140032285294592 patch_match.cc:87] 19 
I20260717 00:31:40.469718 140032285294592 patch_match.cc:87] 24 
I20260717 00:31:40.469719 140032285294592 patch_match.cc:87] 13 
I20260717 00:31:40.469722 140032285294592 patch_match.cc:89] 14
I20260717 00:31:40.469726 140032285294592 misc.cc:51] 
PatchMatchOptions
-----------------
I20260717 00:31:40.469729 140032285294592 patch_match.cc:54] max_image_size: 1600
I20260717 00:31:40.469731 140032285294592 patch_match.cc:55] gpu_index: 0
I20260717 00:31:40.469733 140032285294592 patch_match.cc:56] depth_min: 3.48401
I20260717 00:31:40.469741 140032285294592 patch_match.cc:57] depth_max: 19.9067
I20260717 00:31:40.469745 140032285294592 patch_match.cc:58] window_radius: 5
I20260717 00:31:40.469747 140032285294592 patch_match.cc:59] window_step: 1
I20260717 00:31:40.469749 140032285294592 patch_match.cc:60] sigma_spatial: 5
I20260717 00:31:40.469752 140032285294592 patch_match.cc:61] sigma_color: 0.2
I20260717 00:31:40.469755 140032285294592 patch_match.cc:62] num_samples: 15
I20260717 00:31:40.469758 140032285294592 patch_match.cc:63] ncc_sigma: 0.6
I20260717 00:31:40.469760 140032285294592 patch_match.cc:64] min_triangulation_angle: 1
I20260717 00:31:40.469763 140032285294592 patch_match.cc:65] incident_angle_sigma: 0.9
I20260717 00:31:40.469765 140032285294592 patch_match.cc:66] num_iterations: 5
I20260717 00:31:40.469768 140032285294592 patch_match.cc:67] geom_consistency: 0
I20260717 00:31:40.469770 140032285294592 patch_match.cc:68] geom_consistency_regularizer: 0.3
I20260717 00:31:40.469773 140032285294592 patch_match.cc:69] geom_consistency_max_cost: 3
I20260717 00:31:40.469775 140032285294592 patch_match.cc:70] filter: 0
I20260717 00:31:40.469778 140032285294592 patch_match.cc:71] filter_min_ncc: 0.1
I20260717 00:31:40.469781 140032285294592 patch_match.cc:72] filter_min_triangulation_angle: 3
I20260717 00:31:40.469783 140032285294592 patch_match.cc:73] filter_min_num_consistent: 2
I20260717 00:31:40.469785 140032285294592 patch_match.cc:74] filter_geom_consistency_max_cost: 1
I20260717 00:31:40.469788 140032285294592 patch_match.cc:75] write_consistency_graph: 0
I20260717 00:31:40.469790 140032285294592 patch_match.cc:76] allow_missing_files: 0
I20260717 00:31:40.469793 140032285294592 misc.cc:51] 
PatchMatch::Run
---------------
I20260717 00:31:40.607066 140032285294592 cudacc.cc:51] Initialization: 0.1129s
